Должность,Ссылка,Компания,Зарплата,Опыт,Удаленная работа,GIT,LINUX,DOCKER,AWS,KUBERNETES,SECURITY,PENTEST,OWASP,SIEM,NETWORK,CRYPTO,COMPLIANCE
Руководитель Службы Безопасности,https://hh.ru/vacancy/119132383,Marfatech,не указана,Более 6 лет,Да,0,0,0,0,0,1,0,0,0,0,0,1
Middle QA-инженер (Manual),https://hh.ru/vacancy/118310182,ITD Group (International IT-Distribution Group),не указана,От 1 года до 3 лет,Да,0,1,0,0,0,0,0,0,0,0,0,0
Стажер направления бизнес-аналитики,https://hh.ru/vacancy/119139973,Лаборатория Касперского,не указана,Нет опыта,Нет,0,0,0,0,0,0,0,0,0,0,0,0
C# разработчик,https://hh.ru/vacancy/119160472,СБЕР,не указана,От 1 года до 3 лет,Нет,1,0,0,0,0,1,0,0,0,0,0,0
Операционный директор/COO,https://hh.ru/vacancy/118913301,СберСпасибо,не указана,Более 6 лет,Нет,0,0,0,0,0,0,0,0,0,0,0,0
Директор по информационным технологиям (CIO),https://hh.ru/vacancy/118725332,МИРИДИУМ,от 350000 до 550000 RUR,От 3 до 6 лет,Нет,0,0,0,0,0,0,0,0,0,0,0,0
Senior Frontend Developer (Антибот-сервис),https://hh.ru/vacancy/118442007,Вебмониторэкс,не указана,От 3 до 6 лет,Нет,1,0,0,0,1,0,0,0,0,0,0,0
Старший руководитель проектов,https://hh.ru/vacancy/119159975,Х5 Group,не указана,От 3 до 6 лет,Нет,0,0,0,0,0,1,0,0,0,0,0,0
Руководитель проекта (Project Manager),https://hh.ru/vacancy/119158479,CtrlHack,не указана,От 3 до 6 лет,Нет,0,0,0,0,0,1,0,0,0,0,0,0
Ассистент отдела маркетинга,https://hh.ru/vacancy/118082286,Xello,не указана,Нет опыта,Нет,0,0,0,0,0,0,0,0,0,0,0,0
Руководитель информационной безопасности (CISO),https://hh.ru/vacancy/117585681,IT-hunters,от 800000 до 1000000 RUR,Более 6 лет,Да,0,0,0,0,0,0,0,0,1,0,0,1
Golang разработчик,https://hh.ru/vacancy/118557012,CtrlHack,не указана,От 3 до 6 лет,Нет,0,0,1,0,0,0,0,0,0,0,0,0
Руководитель направления,https://hh.ru/vacancy/119129525,СБЕР,не указана,От 3 до 6 лет,Нет,0,0,0,0,1,0,0,0,0,0,0,0
Финансовый бизнес-партнер,https://hh.ru/vacancy/119063902,Positive Technologies,не указана,Более 6 лет,Нет,0,0,0,0,0,0,0,0,0,0,0,0
Технический руководитель,https://hh.ru/vacancy/119027066,СБЕР,не указана,Более 6 лет,Нет,0,0,0,0,1,0,0,0,0,0,0,0
Data Scientist (Classic ML),https://hh.ru/vacancy/119174814,СБЕР,не указана,От 1 года до 3 лет,Нет,0,0,0,0,0,1,0,0,0,0,0,0
Руководитель юридической службы,https://hh.ru/vacancy/117880396,SafeTech (СэйфТек),от 200 до 250000 RUR,От 3 до 6 лет,Нет,0,0,0,0,0,1,0,0,0,0,0,0
Стажер в финансы,https://hh.ru/vacancy/119024346,Positive Technologies,не указана,Нет опыта,Нет,0,0,0,0,0,0,0,0,0,0,0,0
Медиатор/Хостес,https://hh.ru/vacancy/119084165,Кибердом,не указана,Нет опыта,Нет,0,0,0,0,0,1,0,0,0,0,0,0
Middle/Middle+ Java Developer (Продуктовая разработка),https://hh.ru/vacancy/118911674,Солар,не указана,От 3 до 6 лет,Да,1,0,0,0,0,1,0,0,0,0,0,0
Директор по информационным технологиям (CIO)/EdTech,https://hh.ru/vacancy/119080948,Мобильное электронное образование,от 350000 до 350000 RUR,Более 6 лет,Нет,0,0,0,0,0,1,0,0,0,0,0,0
Технический директор (CTO),https://hh.ru/vacancy/118872738,СБЕРКОРУС,не указана,Более 6 лет,Нет,0,0,0,0,1,0,0,0,0,0,0,0
Senior QA Manual Engineer (Security Management),https://hh.ru/vacancy/118976074,Солар,не указана,Более 6 лет,Да,0,1,1,0,0,0,0,0,0,0,0,0
Специалист по информационной безопасности,https://hh.ru/vacancy/119068463,BI.ZONE,не указана,От 3 до 6 лет,Нет,0,1,0,0,0,1,0,0,1,0,0,0
Account Manager,https://hh.ru/vacancy/119128752,ЭНИ.РАН,не указана,От 3 до 6 лет,Да,0,1,0,0,0,1,0,0,0,0,0,0
Менеджер по продажам,https://hh.ru/vacancy/118051808,Нейроинформ,от 150000 до 300000 RUR,От 3 до 6 лет,Нет,0,0,0,0,0,0,0,0,0,0,0,0
Интегратор,https://hh.ru/vacancy/119110228,4hands,от 70000 до 70000 RUR,От 1 года до 3 лет,Да,0,0,0,0,0,1,0,0,0,0,0,0
Руководитель отдела IT-инфраструктуры,https://hh.ru/vacancy/118959709,СТИ,не указана,Более 6 лет,Да,0,1,0,0,0,0,0,0,0,0,0,0
Юрист,https://hh.ru/vacancy/118084404,WeJET,не указана,От 1 года до 3 лет,Да,0,0,0,0,0,0,0,0,0,0,0,0
Рекрутер / Менеджер по подбору персонала,https://hh.ru/vacancy/118660344,Codenrock,не указана,От 1 года до 3 лет,Да,0,0,0,0,0,0,0,0,0,0,0,0
Специалист службы безопасности,https://hh.ru/vacancy/117896088,Кибердом,не указана,От 3 до 6 лет,Нет,0,0,0,0,0,1,0,0,0,0,0,0
Менеджер по работе с государственными структурами,https://hh.ru/vacancy/118833243,Кибердом,не указана,От 1 года до 3 лет,Нет,0,0,0,0,0,1,0,0,0,0,0,0
Руководитель проектов,https://hh.ru/vacancy/119155797,Солар,не указана,От 1 года до 3 лет,Нет,0,0,0,0,0,0,0,0,0,0,0,0
Support Manager,https://hh.ru/vacancy/119128350,ЭНИ.РАН,не указана,От 1 года до 3 лет,Да,0,1,0,0,0,1,0,0,0,0,0,0
Junior project manager/Младший менеджер проектов,https://hh.ru/vacancy/118500705,CrypToro,от 100000 до 120000 RUR,От 1 года до 3 лет,Нет,0,0,0,0,0,0,0,0,0,0,0,0
Delivery manager,https://hh.ru/vacancy/118592354,СБЕР,не указана,От 1 года до 3 лет,Нет,0,0,0,0,0,0,0,0,0,0,0,0
Системный аналитик,https://hh.ru/vacancy/119012124,ГК Innostage,не указана,От 1 года до 3 лет,Да,0,0,0,0,0,0,0,0,1,0,0,0
Системный администратор Linux (Виртуализация),https://hh.ru/vacancy/118959093,Солар,не указана,От 1 года до 3 лет,Да,0,1,0,0,0,0,0,0,0,0,0,0
Бизнес-аналитик,https://hh.ru/vacancy/119090060,СБЕР,не указана,От 3 до 6 лет,Нет,0,0,0,0,0,1,0,0,0,0,0,0
Разработчик Java/Kotlin (Middle/Senior),https://hh.ru/vacancy/118126708,Клауд Солюшенс,не указана,От 3 до 6 лет,Нет,0,0,0,0,1,1,0,0,0,0,0,0
Менеджер по продажам IT-продуктов,https://hh.ru/vacancy/118144665,HR Store (ИП Шибанова Дарья Рафаиловна),от 90000 до 500000 RUR,Нет опыта,Нет,0,0,0,0,0,0,0,0,0,0,0,0
Руководитель управления внедрения,https://hh.ru/vacancy/119024271,INFOWATCH,не указана,Более 6 лет,Да,0,0,0,0,0,1,0,0,0,0,0,0
Начальник сектора по эксплуатации оконечного оборудования,https://hh.ru/vacancy/119101122,ГБУ Финансово-Хозяйственное Управление,от 200000 до 200000 RUR,От 3 до 6 лет,Нет,0,1,0,0,0,0,0,0,0,0,0,0
Разработчик данных,https://hh.ru/vacancy/118169778,IT_One,не указана,От 3 до 6 лет,Да,0,0,0,0,0,0,0,0,0,0,0,0
Специалист группы сопровождения расходных договоров,https://hh.ru/vacancy/118990698,Солар,не указана,От 1 года до 3 лет,Нет,0,0,0,0,0,0,0,0,0,0,0,0
Руководитель проектного офиса,https://hh.ru/vacancy/118642651,Positive Technologies,не указана,Более 6 лет,Нет,0,0,0,0,0,0,0,0,1,0,0,0
IT Архитектор,https://hh.ru/vacancy/119085325,SberTech,не указана,От 3 до 6 лет,Нет,0,0,0,0,0,0,0,0,0,0,0,0
Менеджер продукта,https://hh.ru/vacancy/115180003,Р-Вижн,не указана,От 1 года до 3 лет,Нет,0,0,0,0,0,0,0,0,0,0,0,0
Frontend разработчик,https://hh.ru/vacancy/118152001,Клауд Солюшенс,не указана,Более 6 лет,Нет,1,0,1,0,1,1,0,0,0,0,0,0
DevOps-инженер,https://hh.ru/vacancy/119115442,Нейроинформ,не указана,От 3 до 6 лет,Да,0,0,1,0,1,0,0,0,0,0,0,0
Юрист с функциями администратора,https://hh.ru/vacancy/118916063,Кибердом,не указана,От 3 до 6 лет,Нет,0,0,0,0,0,1,0,0,0,0,0,0
Sales & Business Development Manager,https://hh.ru/vacancy/118877862,Have Marketing,от 2500 до 4000 USD,От 1 года до 3 лет,Да,0,0,0,0,0,0,0,0,0,0,0,0
Senior Kotlin/Java Developer,https://hh.ru/vacancy/118244572,Xello,не указана,От 3 до 6 лет,Нет,0,1,0,0,0,0,0,0,1,0,0,0
Системный администратор,https://hh.ru/vacancy/119040755,BI.ZONE,не указана,От 3 до 6 лет,Да,0,1,0,0,0,1,0,0,0,0,0,0
B2B-маркетолог/Менеджер по маркетингу,https://hh.ru/vacancy/119070911,Swordfish Security,не указана,От 3 до 6 лет,Нет,0,0,0,0,0,0,0,0,0,0,0,0
Стажёр-программист С++ (Linux),https://hh.ru/vacancy/118644825,Zecurion,не указана,Нет опыта,Нет,0,1,0,0,0,0,0,0,0,0,0,0
"Эксперт по нормативно-правой работе (GR, ИБ)",https://hh.ru/vacancy/119041583,Солар,не указана,От 3 до 6 лет,Нет,0,0,0,0,0,1,0,0,0,0,0,0
Менеджер по работе с ключевыми клиентами ИБ,https://hh.ru/vacancy/118858103,CtrlHack,не указана,От 3 до 6 лет,Нет,0,0,0,0,0,0,0,0,0,0,0,0
Growth Manager (Менеджер по росту) в VPN-сервис,https://hh.ru/vacancy/118315842,Phenix Group,от 250000 до 400000 RUR,От 3 до 6 лет,Да,0,0,0,0,0,0,0,0,0,0,0,0
Координатор/помощник руководителя,https://hh.ru/vacancy/118719553,SberTech,не указана,От 3 до 6 лет,Нет,0,0,0,0,0,0,0,0,0,0,0,0
Руководитель IT-проектов (Senior),https://hh.ru/vacancy/118305229,ITD Group (International IT-Distribution Group),не указана,От 3 до 6 лет,Нет,0,0,0,0,0,0,0,0,0,0,0,0
Продуктовый маркетолог,https://hh.ru/vacancy/118962200,"ВСК, САО",от 200000 RUR,От 1 года до 3 лет,Нет,0,0,0,0,0,1,0,0,0,0,0,0
Младший аналитик по информационной безопасности,https://hh.ru/vacancy/118915500,AZ Recruitment,до 200000 RUR,От 1 года до 3 лет,Нет,0,0,0,0,0,1,0,0,0,0,0,0
Технический писатель,https://hh.ru/vacancy/119104706,Р-Вижн,не указана,От 3 до 6 лет,Да,1,0,0,0,0,0,0,0,0,0,0,0
Руководитель IT-отдела,https://hh.ru/vacancy/118550638,ProPersonnel,от 250000 до 400000 RUR,От 3 до 6 лет,Нет,0,0,0,0,0,0,0,0,0,0,0,0
Менеджер маркетплейсов,https://hh.ru/vacancy/117289036,Staffberry,от 130000 до 160000 RUR,От 3 до 6 лет,Нет,0,0,0,0,0,0,0,0,0,0,0,0
Специалист по информационной безопасности,https://hh.ru/vacancy/117950383,СБЕР,не указана,От 1 года до 3 лет,Нет,0,0,0,1,1,0,0,1,0,0,0,0
Администратор/Хостес,https://hh.ru/vacancy/118716372,Кибердом,не указана,От 1 года до 3 лет,Нет,0,0,0,0,0,1,0,0,0,0,0,0
BI-аналитик,https://hh.ru/vacancy/119021345,BI.ZONE,не указана,От 3 до 6 лет,Нет,0,0,0,0,0,1,0,0,0,0,0,0
Менеджер по диджитал маркетингу,https://hh.ru/vacancy/117774840,Компания Индид,от 200000 до 250000 RUR,От 3 до 6 лет,Нет,0,0,0,0,0,0,0,0,0,0,0,0
Контент-маркетолог,https://hh.ru/vacancy/118082297,Xello,не указана,Нет опыта,Да,0,0,0,0,0,0,0,0,0,0,0,0
Stream team lead,https://hh.ru/vacancy/119065338,СБЕР,не указана,От 3 до 6 лет,Нет,0,0,0,0,0,0,0,0,0,0,0,0
Руководитель IT/ Product разработки,https://hh.ru/vacancy/119120121,JuicyScore,не указана,Более 6 лет,Нет,0,1,1,0,1,0,0,0,0,0,0,0
Golang developer (Network services),https://hh.ru/vacancy/118448652,Клауд Солюшенс,не указана,От 3 до 6 лет,Нет,0,1,0,0,0,1,0,0,0,0,0,0
Go разработчик (R&D),https://hh.ru/vacancy/118603318,BI.ZONE,не указана,От 1 года до 3 лет,Нет,0,1,0,0,0,1,0,0,1,0,0,0
Руководитель направления (ЦФА),https://hh.ru/vacancy/118661700,СБЕР,не указана,Более 6 лет,Нет,0,0,0,0,0,0,0,0,0,0,0,0
Специалист IT,https://hh.ru/vacancy/118263810,ГРАН-ПРИ,до 150000 RUR,От 3 до 6 лет,Нет,0,0,0,0,0,0,0,0,0,0,0,0
Руководитель отдела развития продуктов,https://hh.ru/vacancy/117910374,Кибердом,не указана,От 3 до 6 лет,Нет,0,0,0,0,0,1,0,0,0,0,0,0
DevOps инженер,https://hh.ru/vacancy/118243883,CtrlHack,не указана,От 1 года до 3 лет,Нет,0,1,0,0,0,0,0,0,0,0,0,0
Администратор проектов,https://hh.ru/vacancy/118235498,BI.ZONE,не указана,От 1 года до 3 лет,Нет,0,0,0,0,0,0,0,0,0,0,0,0
Руководитель ИТ отдела,https://hh.ru/vacancy/117963415,Р-Вижн,не указана,Более 6 лет,Нет,0,1,1,0,1,0,0,0,0,0,0,0
Менеджер по работе с ключевыми клиентами,https://hh.ru/vacancy/118073294,Клауд Солюшенс,не указана,Более 6 лет,Нет,0,0,0,0,0,1,0,0,0,0,0,0
HR BP,https://hh.ru/vacancy/116769931,INFOWATCH,не указана,От 3 до 6 лет,Нет,0,0,0,0,0,1,0,0,0,0,0,0
Backend-разработчик Go (Cybersecurity),https://hh.ru/vacancy/118984237,Клауд Солюшенс,не указана,От 3 до 6 лет,Нет,1,1,0,0,0,1,0,0,0,0,0,0
Программист Ботов телеграм,https://hh.ru/vacancy/118316328,Афанасьев Александр Владимирович,от 1500 до 2500 RUR,От 3 до 6 лет,Да,0,1,1,0,0,0,0,0,0,0,0,0
Python Developer в команду Teleoperations,https://hh.ru/vacancy/118827658,Navio (ООО Автотех),не указана,От 3 до 6 лет,Нет,0,0,1,0,0,0,0,0,0,0,0,0
Младший редактор,https://hh.ru/vacancy/117890203,BI.ZONE,не указана,От 1 года до 3 лет,Да,0,0,0,0,0,0,0,0,0,0,0,0
Senior QA Engineer (NGFW),https://hh.ru/vacancy/116578647,Positive Technologies,не указана,Более 6 лет,Нет,0,1,0,0,0,0,0,0,0,0,0,0
Копирайтер (тема технологии),https://hh.ru/vacancy/119183957,Гречка Медиа,от 5000 до 15000 RUR,От 1 года до 3 лет,Да,0,0,0,0,0,1,0,0,0,0,0,0
Системный администратор,https://hh.ru/vacancy/118914576,Гексагон,не указана,От 3 до 6 лет,Нет,0,1,0,0,0,0,0,0,0,0,0,0
Инженер технической поддержки,https://hh.ru/vacancy/118858358,Cloud Networks,не указана,От 1 года до 3 лет,Да,0,0,0,0,0,0,0,0,1,0,0,0
AQA Engineer,https://hh.ru/vacancy/118067807,Вебмониторэкс,не указана,От 3 до 6 лет,Нет,0,0,1,0,1,0,0,1,0,0,0,0
Менеджер по работе с ключевыми клиентами (ИТ),https://hh.ru/vacancy/119110688,ИТ Дистрибуция,от 170000 RUR,От 3 до 6 лет,Нет,0,0,0,0,0,0,0,0,0,0,0,0
JAVA Developer,https://hh.ru/vacancy/118572160,СБЕР,не указана,От 3 до 6 лет,Нет,1,0,0,0,0,0,0,0,0,0,0,0
Аналитик дежурной линии,https://hh.ru/vacancy/112749994,МТС Финтех,не указана,Нет опыта,Нет,0,0,0,0,0,0,0,0,1,0,0,0
Разработчик C / C++,https://hh.ru/vacancy/118782012,Вебмониторэкс,не указана,От 1 года до 3 лет,Да,0,1,0,0,1,0,0,0,0,0,0,0
Администратор проектов,https://hh.ru/vacancy/118815293,Солар,не указана,От 3 до 6 лет,Нет,0,0,0,0,0,0,0,0,0,0,0,0
Операционный директор (COO),https://hh.ru/vacancy/118831077,МАТРИ,не указана,Более 6 лет,Нет,0,0,0,0,0,1,0,0,0,0,0,0
Инженер по информационной безопасности,https://hh.ru/vacancy/118448112,ПУЛЬС,не указана,От 1 года до 3 лет,Нет,0,0,0,0,0,0,0,0,1,0,0,0
Старший бухгалтер (HoReCa),https://hh.ru/vacancy/118123829,Топассистент,от 170000 RUR,От 1 года до 3 лет,Нет,0,0,0,0,0,0,0,0,0,0,0,0
Руководитель группы разработки,https://hh.ru/vacancy/118032757,СМ-Клиника,не указана,Более 6 лет,Нет,0,0,1,1,1,0,0,0,0,0,0,0
Менеджер по B2B продажам (ИБ/IT),https://hh.ru/vacancy/118585732,Секъюритм,от 150000 RUR,От 3 до 6 лет,Да,0,0,0,0,0,1,0,0,0,0,0,0
Директор по развитию бизнеса / менеджер по продажам ИБ-сервисов,https://hh.ru/vacancy/118811714,НУБЕС,не указана,От 3 до 6 лет,Нет,0,0,0,0,0,0,0,0,0,0,0,0
Менеджер по продажам b2b,https://hh.ru/vacancy/118070105,Кибердом,не указана,От 1 года до 3 лет,Нет,0,0,0,0,0,1,0,0,0,0,0,0
Инженер по информационной безопасности,https://hh.ru/vacancy/118251741,Xello,не указана,Нет опыта,Нет,0,1,0,0,0,0,0,0,0,0,0,0
Системный администратор,https://hh.ru/vacancy/119059408,Солар,не указана,От 1 года до 3 лет,Нет,0,1,0,0,0,0,0,0,0,0,0,0
Координатор отдела продаж,https://hh.ru/vacancy/119088223,Солар,не указана,От 1 года до 3 лет,Нет,0,0,0,0,0,0,0,0,0,0,0,0
Менеджер по работе с ключевыми клиентами (продажа ИБ-услуг и решений),https://hh.ru/vacancy/118439483,Singleton Security,не указана,От 1 года до 3 лет,Нет,0,0,0,0,0,1,1,0,0,0,0,0
Penetration Tester (Pentest) Middle,https://hh.ru/vacancy/108984553,Непрерывные Технологии,не указана,От 1 года до 3 лет,Да,0,0,0,0,0,0,0,0,0,0,0,0
Специалист по информационной безопасности,https://hh.ru/vacancy/118957246,КуАпп,не указана,От 3 до 6 лет,Да,0,0,0,0,0,0,0,0,0,0,1,0
Системный аналитик,https://hh.ru/vacancy/112538429,Р-Вижн,не указана,От 1 года до 3 лет,Да,0,0,0,0,0,0,0,0,0,0,0,0
Руководитель разработки / Head of Development,https://hh.ru/vacancy/118178175,Марс,не указана,Более 6 лет,Нет,0,0,1,1,1,1,0,0,1,0,0,0
Контент-маркетолог,https://hh.ru/vacancy/119109195,Зеробит,от 50000 до 100000 RUR,От 3 до 6 лет,Да,0,0,0,0,0,1,0,0,0,0,0,0
Главный системный аналитик (Машиночитаемая доверенность),https://hh.ru/vacancy/119075916,СБЕР,до 370000 RUR,От 3 до 6 лет,Нет,0,0,1,0,1,0,0,0,0,0,0,0
Младший инженер поддержки решений WEB security,https://hh.ru/vacancy/118764036,BI.ZONE,не указана,От 1 года до 3 лет,Нет,0,1,1,0,0,1,0,0,0,0,0,0
Руководитель учебного центра/Руководитель IT-Академии,https://hh.ru/vacancy/118627059,БФТ-Холдинг,не указана,От 3 до 6 лет,Нет,0,0,0,0,0,1,0,0,0,0,0,0
"Младший аналитик Threat Intelligence, Darkweb",https://hh.ru/vacancy/118206415,F6,не указана,Нет опыта,Нет,0,1,0,0,0,0,0,0,0,0,0,0
Старший бухгалтер,https://hh.ru/vacancy/118969335,Кибердом,не указана,От 3 до 6 лет,Нет,0,0,0,0,0,1,0,0,0,0,0,0
Системный аналитик (системы виртуализации),https://hh.ru/vacancy/119122948,Клауд Солюшенс,не указана,От 3 до 6 лет,Нет,0,0,0,1,0,1,0,0,0,0,0,0
Специалист по информационной безопасности.,https://hh.ru/vacancy/115949330,Правительство Москвы,не указана,От 3 до 6 лет,Нет,0,0,0,0,0,0,0,0,0,0,0,0
Product manager,https://hh.ru/vacancy/118613656,Макс,не указана,От 3 до 6 лет,Нет,0,0,0,0,0,0,0,0,0,0,0,0
Технический директор (CTO),https://hh.ru/vacancy/117569699,ПАПА ДЖОНС,не указана,От 3 до 6 лет,Нет,0,0,0,0,0,0,0,0,0,0,0,0
Архитектор решений,https://hh.ru/vacancy/119180486,Т1,не указана,От 3 до 6 лет,Да,0,0,1,0,1,0,0,0,0,0,0,0
Менеджер по работе с клиентами,https://hh.ru/vacancy/117185409,Positive Technologies,не указана,От 1 года до 3 лет,Нет,0,0,0,0,0,0,0,0,0,0,0,0
Инженер технической поддержки,https://hh.ru/vacancy/118247389,Р-Вижн,не указана,Нет опыта,Нет,0,1,0,0,0,0,0,0,0,0,0,0
Аналитик SOC,https://hh.ru/vacancy/119080687,СБЕР,не указана,От 1 года до 3 лет,Нет,0,1,0,0,0,0,0,0,1,0,0,0
Системный аналитик,https://hh.ru/vacancy/115134367,Гексагон,не указана,От 1 года до 3 лет,Нет,0,0,0,0,0,0,0,0,0,0,0,0
DevOps | ML Ops,https://hh.ru/vacancy/118657382,СБЕР,не указана,От 3 до 6 лет,Нет,1,1,1,0,1,0,0,0,0,0,0,0
IT-рекрутер,https://hh.ru/vacancy/119024565,Lenkep recruitment,не указана,От 1 года до 3 лет,Да,0,0,0,0,0,1,0,0,0,0,0,0
Rust developer,https://hh.ru/vacancy/117163570,BI.ZONE,не указана,От 3 до 6 лет,Нет,1,1,0,0,0,0,0,0,0,0,0,0
Python Developer (SberНадежность),https://hh.ru/vacancy/118442291,СБЕР,не указана,От 1 года до 3 лет,Нет,1,0,1,0,0,0,0,0,0,0,0,0
Системный администратор средств защиты информации,https://hh.ru/vacancy/114689758,ЦИБИТ,от 300000 RUR,От 3 до 6 лет,Нет,0,1,0,0,0,0,0,0,0,0,0,0
Эксперт развития системы противодействия кибермошенничеству (фрод-мониторинг),https://hh.ru/vacancy/117788946,Альфа-Банк,не указана,От 1 года до 3 лет,Нет,0,0,0,0,0,0,0,0,0,0,0,0
Инженер внедрения ИБ,https://hh.ru/vacancy/118858018,CtrlHack,не указана,От 3 до 6 лет,Нет,0,1,1,0,1,0,0,0,1,0,0,0
Системный аналитик,https://hh.ru/vacancy/118298584,ITD Group (International IT-Distribution Group),не указана,От 3 до 6 лет,Да,0,0,0,0,0,0,0,0,0,0,0,0
Инженер по информационной безопасности,https://hh.ru/vacancy/119123630,Альфа Центр Здоровья,не указана,От 1 года до 3 лет,Нет,0,1,0,0,0,1,0,0,1,0,0,1
Менеджер по работе с ключевыми партнёрами (Информационная безопасность),https://hh.ru/vacancy/119102261,Цикада,не указана,От 3 до 6 лет,Нет,0,0,0,0,0,1,0,0,0,0,0,0
"Аналитик ИБ, Ozon Банк",https://hh.ru/vacancy/118962926,Ozon,не указана,От 1 года до 3 лет,Да,0,0,0,0,0,1,0,0,0,0,0,0
Менеджер по работе с партнерами,https://hh.ru/vacancy/113271988,Р-Вижн,не указана,От 1 года до 3 лет,Нет,0,0,0,0,0,0,0,0,0,0,0,0
Ведущий эксперт (pentest),https://hh.ru/vacancy/117343439,СБЕР,не указана,От 1 года до 3 лет,Нет,0,0,0,0,0,0,1,1,0,0,0,1
Директор по работе с ключевыми заказчиками,https://hh.ru/vacancy/116337786,Солар,не указана,Более 6 лет,Нет,0,0,0,0,0,0,0,0,0,0,0,0
Business Development Manager (BDM),https://hh.ru/vacancy/118073672,Р-Вижн,не указана,От 3 до 6 лет,Нет,0,0,0,0,0,0,0,0,0,0,0,0
Специалист по кибербезопасности / по информационной безопасности,https://hh.ru/vacancy/118618648,Крупный многопрофильный холдинг,от 289000 RUR,От 3 до 6 лет,Нет,0,1,0,0,0,0,0,0,0,0,0,0
Руководитель направления развития средств защиты в Финтех,https://hh.ru/vacancy/119033663,Яндекс,не указана,Более 6 лет,Нет,0,1,0,0,0,1,0,0,1,0,1,0
Senior Go developer (облачные решения в области мониторинга и телеметрии),https://hh.ru/vacancy/118965050,Клауд Солюшенс,не указана,Более 6 лет,Нет,0,1,0,0,0,1,0,0,0,0,0,0
Технический аккаунт-менеджер,https://hh.ru/vacancy/118735211,VK,не указана,От 3 до 6 лет,Да,0,0,0,0,0,0,0,0,0,0,0,0
Менеджер по продажам обучающих курсов по кибербезопасности B2C / Специалист по продажам B2C,https://hh.ru/vacancy/118732588,CyberEd,не указана,От 1 года до 3 лет,Да,0,0,0,0,0,1,0,0,0,0,0,0
Младший программист С/C++,https://hh.ru/vacancy/118002552,КДМ,не указана,От 1 года до 3 лет,Нет,0,1,1,0,1,0,0,0,0,0,0,0
Специалист сопровождения закупочной деятельности,https://hh.ru/vacancy/118967816,Солар,не указана,От 3 до 6 лет,Нет,0,0,0,0,0,0,0,0,0,0,0,0
Менеджер по продажам B2B (выставки высоких технологий АПК),https://hh.ru/vacancy/118771439,Агрос Экспо Групп,от 125000 RUR,От 1 года до 3 лет,Нет,0,0,0,0,0,1,0,0,0,0,0,0
Middle+ DevOps Engineer (DLP),https://hh.ru/vacancy/117368767,СБЕР,не указана,От 3 до 6 лет,Нет,1,1,0,0,1,0,0,0,0,0,0,0
Senior Java Developer,https://hh.ru/vacancy/117476441,Ростелеком Информационные Технологии,не указана,От 3 до 6 лет,Да,0,0,0,0,0,1,0,0,0,0,0,0
Инженер по управлению рисками кибербезопасности,https://hh.ru/vacancy/118123189,Spice IT,не указана,От 3 до 6 лет,Нет,0,0,0,0,0,0,0,0,0,0,0,0
DevSecOps инженер,https://hh.ru/vacancy/118968766,Okko,не указана,От 1 года до 3 лет,Да,0,1,0,0,1,0,0,0,0,0,0,1
Программист,https://hh.ru/vacancy/118591921,Bonya Beauty,от 50000 RUR,От 3 до 6 лет,Да,0,1,0,0,0,0,0,0,0,0,0,0
Специалист по тестированию на проникновение (Pentester),https://hh.ru/vacancy/118247230,MobileUp,от 200000 до 350000 RUR,От 1 года до 3 лет,Нет,0,1,0,0,0,0,1,0,0,0,0,0
Backend Developer Node.js (Middle),https://hh.ru/vacancy/118856285,Р-Вижн,не указана,От 3 до 6 лет,Да,0,1,1,0,1,0,0,0,0,0,0,0
"Аналитик по информационной безопасности, Ozon Банк",https://hh.ru/vacancy/118962531,Ozon,не указана,От 1 года до 3 лет,Да,0,0,0,0,0,1,0,0,0,0,0,0
Специалист по компенсациям и льготам (C&B),https://hh.ru/vacancy/115783603,BI.ZONE,не указана,От 3 до 6 лет,Нет,0,0,0,0,0,0,0,0,0,0,0,0
Менеджер по продажам спонсорства,https://hh.ru/vacancy/118069036,Кибердом,не указана,От 1 года до 3 лет,Нет,0,0,0,0,0,1,0,0,0,0,0,0
Менеджер по работе с партнёрами,https://hh.ru/vacancy/118858236,Секъюритм,от 150000 до 300000 RUR,От 3 до 6 лет,Да,0,0,0,0,0,1,0,0,0,0,0,0
Project Manager инфраструктурных проектов,https://hh.ru/vacancy/118306835,DatsTeam,не указана,От 1 года до 3 лет,Да,0,1,0,0,0,0,0,0,0,0,0,0
Системный аналитик (junior/middle),https://hh.ru/vacancy/115248288,"Полилог, КГ",не указана,От 1 года до 3 лет,Нет,0,0,0,0,0,0,0,0,0,0,0,0
Дизайнер (IT / ИБ),https://hh.ru/vacancy/118633431,Гексагон,не указана,От 1 года до 3 лет,Нет,0,0,0,0,0,0,0,0,1,0,0,0
"Бизнес-партнер по информационной безопасности, Ozon Банк",https://hh.ru/vacancy/117962258,Ozon,не указана,От 1 года до 3 лет,Да,0,0,0,0,0,1,0,0,0,0,0,0
Senior Python developer (SOC),https://hh.ru/vacancy/115756239,BI.ZONE,не указана,От 3 до 6 лет,Да,1,0,1,0,1,0,0,0,0,0,0,0
Ведущий аналитик отдела аудита ИБ,https://hh.ru/vacancy/118700461,Singleton Security,не указана,От 1 года до 3 лет,Да,0,0,0,0,0,1,1,0,0,0,0,0
Менеджер по продуктовому маркетингу,https://hh.ru/vacancy/118352001,Р-Вижн,не указана,От 3 до 6 лет,Нет,0,0,0,0,0,0,0,0,0,0,0,0
Руководитель подразделения Кибербезопасности (CISO),https://hh.ru/vacancy/118508367,АБК,не указана,От 3 до 6 лет,Нет,0,1,0,0,0,1,0,0,1,0,0,0
Эксперт в области информационной безопасности,https://hh.ru/vacancy/118810341,Piccard,не указана,От 3 до 6 лет,Да,0,0,0,0,0,0,0,0,0,0,0,0
Специалист дежурной службы (направление – кибербезопасность),https://hh.ru/vacancy/118876896,СберСпасибо,не указана,От 1 года до 3 лет,Нет,0,1,0,0,0,0,0,0,1,0,0,0
Руководитель направления киберугроз  / Cyber Threat Lead,https://hh.ru/vacancy/119156156,CtrlHack,не указана,От 3 до 6 лет,Да,0,0,0,0,0,0,1,0,1,0,0,0
Senior Go developer (продукты Кибербезопасности),https://hh.ru/vacancy/118985641,Клауд Солюшенс,не указана,Более 6 лет,Нет,0,1,0,0,0,1,0,0,0,0,0,0
Старший IT рекрутер,https://hh.ru/vacancy/118458039,Б1 (B1),не указана,От 3 до 6 лет,Нет,0,0,0,0,0,1,0,0,0,0,0,0
Менеджер по работе с ключевыми клиентами (Информационная безопасность),https://hh.ru/vacancy/119034506,Цикада,не указана,От 3 до 6 лет,Нет,0,0,0,0,0,1,0,0,0,0,0,0
Младший бизнес-аналитик,https://hh.ru/vacancy/109069832,Р-Вижн,не указана,От 1 года до 3 лет,Нет,0,0,0,0,0,0,0,0,0,0,0,0
Ведущий инженер по информационной безопасности,https://hh.ru/vacancy/119084376,K2 Тех,не указана,Более 6 лет,Нет,0,1,0,0,0,1,0,0,1,1,0,0
Специалист технической поддержки 1 линии,https://hh.ru/vacancy/119119058,Вебмониторэкс,не указана,От 1 года до 3 лет,Нет,0,1,1,0,0,0,0,0,0,0,0,0
Руководитель команды разработки,https://hh.ru/vacancy/117356466,X5 Tech,не указана,От 3 до 6 лет,Да,0,0,0,0,0,0,0,0,0,0,0,0
Сервис-менеджер (SOC),https://hh.ru/vacancy/118198703,BI.ZONE,не указана,От 1 года до 3 лет,Нет,0,0,0,0,0,0,0,0,1,0,0,0
Системный аналитик (СБОЛ),https://hh.ru/vacancy/118693119,СБЕР,не указана,От 3 до 6 лет,Нет,0,0,0,0,0,1,0,0,0,0,0,0
Младший инженер по информационной безопасности,https://hh.ru/vacancy/117465600,Р-Вижн,не указана,От 1 года до 3 лет,Нет,0,1,1,0,1,0,0,0,1,0,0,0
Специалист по документообороту в отдел продаж,https://hh.ru/vacancy/118007550,Zecurion,не указана,От 1 года до 3 лет,Нет,0,0,0,0,0,0,0,0,0,0,0,0
Старший эксперт по кибербезопасности ИТ-проектов,https://hh.ru/vacancy/116032272,Альфа-Банк,не указана,От 1 года до 3 лет,Да,0,0,0,0,0,0,0,1,1,0,0,0
Ведущий Менеджер информационной безопасности (SOC),https://hh.ru/vacancy/118960872,BI.ZONE,не указана,От 3 до 6 лет,Нет,0,0,0,0,0,0,0,0,1,0,0,0
Application Security / Web Pentester (специалист по анализу защищённости приложений) Middle,https://hh.ru/vacancy/118871198,Непрерывные Технологии,не указана,От 1 года до 3 лет,Да,0,0,0,0,0,0,0,0,0,0,0,0
Эксперт по информационной безопасности,https://hh.ru/vacancy/119150324,Х5 Group,не указана,Более 6 лет,Нет,0,0,0,0,0,0,0,0,1,0,0,0
Старший разработчик С++ / Senior Developer C++,https://hh.ru/vacancy/117087763,Zecurion,не указана,От 3 до 6 лет,Нет,0,0,0,0,0,0,0,0,0,0,0,0
Помощник креативного / контент-менеджера,https://hh.ru/vacancy/119089297,Advert Technology Solutions,не указана,От 1 года до 3 лет,Нет,0,0,0,0,0,1,0,0,0,0,0,0
Инженер администрирования средств защиты информации,https://hh.ru/vacancy/116340325,Солар,не указана,Нет опыта,Нет,0,0,0,0,0,0,0,0,0,0,0,0
Специалист группы сопровождения сервиса киберзащиты,https://hh.ru/vacancy/118542879,Нейроинформ,от 140000 RUR,От 3 до 6 лет,Нет,0,0,0,0,0,0,0,0,0,0,0,0
Backend Developer Node.js (Senior),https://hh.ru/vacancy/115162971,Р-Вижн,не указана,Более 6 лет,Да,0,0,1,0,0,0,0,0,0,0,0,0
Специалист по информационной безопасности,https://hh.ru/vacancy/115698050,Агентство страховых технологий,не указана,От 3 до 6 лет,Нет,0,0,0,0,0,1,0,0,0,0,0,0
Системный администратор,https://hh.ru/vacancy/118505490,ВТБ ДЦ,не указана,От 1 года до 3 лет,Нет,0,1,0,0,0,0,0,0,0,0,0,0
Инженер по кибербезопасности,https://hh.ru/vacancy/117152147,Альфа-Банк,не указана,От 3 до 6 лет,Нет,0,0,1,0,1,0,0,0,0,0,0,0
Специалист по анализу защищенности / Пентест,https://hh.ru/vacancy/118759636,Р-Вижн,не указана,От 1 года до 3 лет,Нет,0,0,0,0,0,0,0,1,0,0,0,0
Team Lead графических дизайнеров,https://hh.ru/vacancy/118755946,ЭНИ.РАН,не указана,От 3 до 6 лет,Да,0,1,0,0,0,0,0,0,0,0,0,0
Сетевой инженер,https://hh.ru/vacancy/117488949,Клауд Солюшенс,не указана,От 3 до 6 лет,Нет,0,0,0,0,0,1,0,0,0,1,0,0
Аналитик SOC (L2),https://hh.ru/vacancy/111868150,K2 Тех,не указана,От 1 года до 3 лет,Нет,0,1,0,0,0,0,0,1,1,0,0,0
Руководитель направления по работе с ПДн,https://hh.ru/vacancy/116348852,РСХБ Управление Активами,не указана,От 1 года до 3 лет,Нет,0,0,0,0,0,0,0,0,0,0,0,0
Ведущий экономист по бюджетированию,https://hh.ru/vacancy/116393224,BI.ZONE,не указана,От 3 до 6 лет,Нет,0,0,0,0,0,0,0,0,0,0,0,0
Главный менеджер по информационной безопасности,https://hh.ru/vacancy/119112280,ИК СИБИНТЕК,не указана,От 3 до 6 лет,Нет,0,0,0,0,0,0,0,0,0,0,0,0
Старший графический дизайнер,https://hh.ru/vacancy/116859177,BI.ZONE,не указана,От 3 до 6 лет,Нет,0,0,0,0,0,0,0,0,0,0,0,0
Менеджер по продвижению ИТ-решений,https://hh.ru/vacancy/111868858,K2 Тех,не указана,От 3 до 6 лет,Нет,0,0,0,0,0,0,0,0,0,0,0,0
Интернет-маркетолог,https://hh.ru/vacancy/116452468,Кибердом,не указана,От 3 до 6 лет,Нет,0,0,0,0,0,1,0,0,0,0,0,0
Инженер по информационной безопасности,https://hh.ru/vacancy/117361336,Солар,не указана,От 1 года до 3 лет,Нет,0,1,0,0,0,0,0,0,0,0,0,0
Заместитель технического директора,https://hh.ru/vacancy/118235833,Positive Technologies,не указана,Более 6 лет,Нет,0,0,0,0,0,0,0,0,1,0,0,0
Аналитик SOC L1,https://hh.ru/vacancy/117019376,Р-Вижн,не указана,От 1 года до 3 лет,Нет,0,1,0,0,0,1,0,0,1,0,0,0
Системный аналитик (Secure DNS),https://hh.ru/vacancy/117572452,BI.ZONE,не указана,От 1 года до 3 лет,Нет,0,0,0,0,0,0,0,0,0,0,0,0
PR-менеджер,https://hh.ru/vacancy/112749554,BI.ZONE,не указана,От 3 до 6 лет,Нет,0,0,0,0,0,0,0,0,0,0,0,0
Fullstack Javascript разработчик,https://hh.ru/vacancy/118499861,РСХБ-Интех,не указана,От 1 года до 3 лет,Нет,1,0,0,0,0,0,0,0,0,0,0,0
Разработчик Python,https://hh.ru/vacancy/118226958,SberTech,не указана,От 1 года до 3 лет,Нет,1,1,1,0,0,0,0,0,0,0,0,0
Solution architect,https://hh.ru/vacancy/119129816,СБЕР,не указана,От 3 до 6 лет,Нет,0,0,0,0,0,0,0,0,0,0,0,0
Инженер Pre-sale по информационной безопасности,https://hh.ru/vacancy/118622174,MERLION,не указана,От 1 года до 3 лет,Нет,0,1,0,0,0,0,0,0,1,0,0,0
Ведущий инженер АСУТП,https://hh.ru/vacancy/118522080,Айсорс,до 220000 RUR,От 1 года до 3 лет,Нет,0,1,0,0,0,1,0,0,0,0,0,0
Инженер технической поддержки,https://hh.ru/vacancy/118166810,Арудит Секьюрити,до 110000 RUR,От 1 года до 3 лет,Нет,0,1,0,0,0,0,0,0,0,0,0,0
Analytic / Solution architect,https://hh.ru/vacancy/118572468,СБЕР,не указана,От 3 до 6 лет,Нет,0,0,0,0,0,0,0,0,0,0,0,0
Ведущий эксперт по кибербезопасности (безопасная разработка),https://hh.ru/vacancy/117461430,СБЕР,не указана,От 3 до 6 лет,Нет,0,0,0,1,1,0,0,0,0,0,0,0
DevOps-инженер,https://hh.ru/vacancy/119041709,Клауд Солюшенс,не указана,От 3 до 6 лет,Нет,1,1,1,0,0,1,0,0,0,0,0,0
Менеджер по развитию бизнеса/ BDM (СЗИ),https://hh.ru/vacancy/118265354,HRLab (ИП Чиняева Анастасия Игоревна),от 200000 RUR,От 3 до 6 лет,Нет,0,0,0,0,0,0,0,0,0,0,0,0
Директор по продажам ИТ-решений,https://hh.ru/vacancy/118647811,КРОК,не указана,От 3 до 6 лет,Нет,0,0,0,0,0,0,0,0,0,0,0,0
Специалист по нормоконтролю (ИБ),https://hh.ru/vacancy/116394090,Солар,не указана,От 1 года до 3 лет,Нет,0,0,0,0,0,0,0,0,0,0,0,0
Старший менеджер по продвижению решений,https://hh.ru/vacancy/118297241,BI.ZONE,не указана,От 3 до 6 лет,Нет,0,0,0,0,0,0,0,0,0,0,0,0
Администратор проекта с функциями аналитика,https://hh.ru/vacancy/118857981,Selecty,не указана,От 3 до 6 лет,Да,0,0,1,0,1,0,0,0,0,0,0,0
Senior UI/UX designer (Cloud services),https://hh.ru/vacancy/118893910,Клауд Солюшенс,не указана,Более 6 лет,Нет,0,0,0,1,0,1,0,0,0,0,0,0
Системный аналитик,https://hh.ru/vacancy/117440829,Солар,не указана,Более 6 лет,Да,0,0,0,0,0,0,0,0,0,0,0,0
SMM-менеджер,https://hh.ru/vacancy/118915356,Секьюр-Ти,от 35000 до 50000 RUR,От 1 года до 3 лет,Да,0,0,0,0,0,0,0,0,0,0,0,0
Специалист по информационной безопасности СИБ,https://hh.ru/vacancy/118763103,МТИ-Банк,от 150000 RUR,От 1 года до 3 лет,Нет,0,1,0,0,0,0,0,0,1,0,0,0
Администратор SIEM,https://hh.ru/vacancy/118289440,MobileUp,не указана,От 1 года до 3 лет,Нет,0,1,0,0,0,1,0,0,1,0,0,0
Младший специалист по IT,https://hh.ru/vacancy/119074583,Инвестиционная Компания ФОНТВЬЕЛЬ,от 80000 до 120000 RUR,От 1 года до 3 лет,Нет,0,0,0,0,0,1,0,0,0,0,0,0
Аналитик-исследователь киберугроз,https://hh.ru/vacancy/105384427,Р-Вижн,не указана,От 3 до 6 лет,Нет,0,0,0,0,0,1,0,0,1,0,0,0
Специалист по информационной безопасности,https://hh.ru/vacancy/118814443,ИнтэлЛекс,от 150000 RUR,От 1 года до 3 лет,Нет,0,0,0,0,0,1,0,0,0,0,0,0
Fullstack analyst(Anti-fraud),https://hh.ru/vacancy/118769609,BI.ZONE,не указана,От 1 года до 3 лет,Да,0,0,0,0,0,0,0,0,0,0,0,0
Инженер технической поддержки (клиентская поддержка),https://hh.ru/vacancy/118428502,BI.ZONE,не указана,От 1 года до 3 лет,Нет,0,0,0,0,0,0,0,0,0,0,0,0
Инженер по кибербезопасности,https://hh.ru/vacancy/119158383,ПУЛЬС,не указана,От 3 до 6 лет,Нет,0,0,0,0,0,0,0,0,1,0,0,0
Руководитель проектов (ИТ/ИБ),https://hh.ru/vacancy/118512449,ИНТЕР РАО ОЦО,от 182000 до 204750 RUR,От 1 года до 3 лет,Нет,0,0,0,0,0,1,0,0,0,0,0,0
Специалист по информационной безопасности,https://hh.ru/vacancy/118640178,Цикада,не указана,От 3 до 6 лет,Нет,0,0,0,0,0,1,0,0,1,0,0,1
Лидер команды пентестеров,https://hh.ru/vacancy/119036584,Star-Staff,не указана,От 1 года до 3 лет,Да,0,0,0,0,0,0,0,0,0,0,0,0
Middle/Senior Kotlin/Java-разработчик в команду Container Ecosystem [МТС Web Services (MWS)],https://hh.ru/vacancy/118257177,МТС,не указана,От 3 до 6 лет,Да,1,0,0,0,1,1,0,0,0,0,0,0
Технический менеджер продукта (Software),https://hh.ru/vacancy/118299267,СалютДевайсы,не указана,От 3 до 6 лет,Нет,0,0,0,0,0,0,0,0,0,0,0,0
Senior IT Project Manager (в продуктовую команду),https://hh.ru/vacancy/118120198,Xello,не указана,Нет опыта,Да,0,0,0,0,0,0,0,0,0,0,0,0
Руководитель проектов (Информационная безопасность),https://hh.ru/vacancy/118239652,Солар,не указана,От 1 года до 3 лет,Нет,0,0,0,0,0,0,0,0,1,0,0,0
Менеджер по закупкам (ИТ / Инженерное оборудование),https://hh.ru/vacancy/117245812,Клауд Солюшенс,не указана,От 3 до 6 лет,Нет,0,0,0,0,0,1,0,0,0,0,0,0
Team Lead Developer C++,https://hh.ru/vacancy/117047776,Zecurion,не указана,Более 6 лет,Нет,0,1,0,0,0,0,0,0,0,0,0,0
Графический дизайнер,https://hh.ru/vacancy/118156645,Кибердом,не указана,От 3 до 6 лет,Нет,0,0,0,0,0,1,0,0,0,0,0,0
Руководитель направления анализа данных,https://hh.ru/vacancy/117509611,СБЕР,не указана,От 3 до 6 лет,Нет,0,0,0,0,0,0,0,0,0,0,0,0
Специалист по информационной безопасности,https://hh.ru/vacancy/118724802,AMCOR,от 120000 RUR,От 1 года до 3 лет,Нет,0,0,0,0,0,1,0,0,0,0,0,0
Cloud Security Engineer,https://hh.ru/vacancy/110619912,Школа 21,до 448000 RUR,От 3 до 6 лет,Нет,0,1,0,0,1,1,0,0,1,0,0,0
Менеджер по цифровому развитию | IT & Cloud | Международные проекты,https://hh.ru/vacancy/118725297,Unigreen Energy,не указана,Нет опыта,Да,0,0,0,1,0,0,0,0,0,0,0,0
Руководитель проектов кибербезопасности дочерних компаний,https://hh.ru/vacancy/118974005,Альфа-Банк,не указана,От 3 до 6 лет,Да,0,0,0,0,0,0,0,0,0,0,0,0
Разработчик (Антивирусная лаборатория),https://hh.ru/vacancy/118974776,Positive Technologies,не указана,От 3 до 6 лет,Нет,0,0,0,0,0,0,0,0,0,0,0,0
Инженер кибербезопасности,https://hh.ru/vacancy/119069402,СберСити,не указана,От 1 года до 3 лет,Нет,0,1,0,0,0,0,0,0,1,0,0,0
Преподаватель отдела дополнительного профессионального образования,https://hh.ru/vacancy/118610329,ФГУП НТЦ Заря,от 80000 RUR,От 3 до 6 лет,Нет,0,0,0,0,0,0,0,0,0,0,0,0
Инженер NGFW,https://hh.ru/vacancy/118125514,Солар,не указана,Нет опыта,Нет,0,1,0,0,0,0,0,0,0,0,0,0
Менеджер по продажам решений информационной безопасности,https://hh.ru/vacancy/119162074,VVP Group,не указана,От 3 до 6 лет,Нет,0,0,0,0,0,0,0,0,0,0,0,0
Senior Java developer,https://hh.ru/vacancy/118832901,Клауд Солюшенс,не указана,Более 6 лет,Нет,0,0,0,0,1,1,0,0,0,0,0,0
Инженер по сетевой безопасности (кибербезопасность),https://hh.ru/vacancy/118876723,Selecty,до 250000 RUR,От 3 до 6 лет,Да,0,0,0,0,0,0,0,0,0,0,0,0
Старший инженер по аттестации (информационная безопасность),https://hh.ru/vacancy/117061923,Солар,не указана,От 3 до 6 лет,Нет,0,0,0,0,0,0,0,0,0,0,0,0
Инженер по сетевой безопасности,https://hh.ru/vacancy/118902464,Альфа-Банк,не указана,От 3 до 6 лет,Нет,0,1,0,0,0,1,0,0,0,0,0,0
"Ведущий системный аналитик (Storages, СХД)",https://hh.ru/vacancy/118982660,Клауд Солюшенс,не указана,Более 6 лет,Нет,0,0,0,0,0,1,0,0,0,0,0,0
Ведущий специалист операционной поддержки проектов,https://hh.ru/vacancy/118154379,Солар,не указана,От 1 года до 3 лет,Нет,0,0,0,0,0,0,0,0,0,0,0,0
Менеджер по работе с партнерами (IT услуги),https://hh.ru/vacancy/118351983,Джаст Ит,от 80000 до 150000 RUR,От 3 до 6 лет,Да,0,0,0,0,0,1,0,0,0,0,0,0
Tech Presale,https://hh.ru/vacancy/118855052,КуАпп,не указана,От 3 до 6 лет,Да,0,0,0,0,0,0,0,0,0,0,0,0
Контент-менеджер Security Awareness,https://hh.ru/vacancy/116719518,WILDBERRIES,не указана,От 1 года до 3 лет,Да,0,0,0,0,0,1,0,0,0,0,0,0
Эксперт в направление защиты персональных данных,https://hh.ru/vacancy/118891511,СБЕР,не указана,От 1 года до 3 лет,Нет,0,0,0,0,0,0,0,0,0,0,0,0
Менеджер по закупкам HoReCa,https://hh.ru/vacancy/118310445,Кибердом,не указана,От 3 до 6 лет,Нет,0,0,0,0,0,1,0,0,0,0,0,0
Главный инженер по кибербезопасности,https://hh.ru/vacancy/119179213,СБЕР,не указана,От 1 года до 3 лет,Нет,0,0,1,0,1,0,0,0,0,0,0,0
Программист С/C++,https://hh.ru/vacancy/117484297,КДМ,не указана,От 1 года до 3 лет,Нет,0,1,1,0,1,0,0,0,0,0,0,0
Архитектор информационной безопасности,https://hh.ru/vacancy/118131652,IconSoft,не указана,Более 6 лет,Нет,0,1,0,0,1,1,0,0,1,0,0,0
Руководитель отдела мониторинга ИБ,https://hh.ru/vacancy/118309257,LADA Цифра,не указана,Более 6 лет,Нет,0,0,0,0,0,0,0,0,1,0,0,0
Senior PHP разработчик (Laravel),https://hh.ru/vacancy/119084304,ECOS,не указана,Более 6 лет,Нет,1,0,1,0,0,0,0,0,0,0,0,0
Руководитель направления кастомизированных ИТ программ для обучения руководителей,https://hh.ru/vacancy/118502721,Корпоративный университет Сбербанка,не указана,От 3 до 6 лет,Нет,0,0,0,0,0,1,0,0,0,0,0,0
Технический эксперт в ИБ,https://hh.ru/vacancy/118057462,UserGate,не указана,От 3 до 6 лет,Нет,0,0,0,0,0,1,0,0,1,0,0,0
Инженер по мониторингу (Кибербезопасность),https://hh.ru/vacancy/118440671,СБЕР,не указана,От 3 до 6 лет,Нет,0,1,0,0,0,0,0,0,0,0,0,0
Бухгалтер по расчету заработной платы,https://hh.ru/vacancy/115898633,Р-Вижн,не указана,Нет опыта,Нет,0,0,0,0,0,0,0,0,0,0,0,0
Специалист по контекстной рекламе Google Ads,https://hh.ru/vacancy/118471558,WebGears Services,не указана,От 3 до 6 лет,Да,0,0,0,0,0,1,0,0,0,0,0,0
Technical Lead / Tech Lead,https://hh.ru/vacancy/116560507,Солар,не указана,Более 6 лет,Да,0,0,1,0,1,0,0,0,0,0,0,0
Сервис-менеджер,https://hh.ru/vacancy/118709606,Positive Technologies,не указана,От 1 года до 3 лет,Нет,0,0,0,0,0,0,0,0,0,0,0,0
Ведущий инженер СХД (МТС Web Services (MWS)),https://hh.ru/vacancy/117043256,МТС,не указана,От 3 до 6 лет,Нет,0,1,0,0,0,0,0,0,0,0,0,0
Сервис менеджер (Облачные решения кибербезопасность),https://hh.ru/vacancy/118501015,BI.ZONE,не указана,От 1 года до 3 лет,Да,0,0,0,0,0,0,0,0,0,0,0,0
Старший Python разработчик/Senior Python developer,https://hh.ru/vacancy/118043513,Платежное Решение,не указана,От 3 до 6 лет,Нет,1,0,1,1,1,0,0,0,0,0,0,0
Product owner (личный кабинет клиента),https://hh.ru/vacancy/118082555,Солар,не указана,От 3 до 6 лет,Нет,0,0,0,0,0,0,0,0,0,0,0,0
Senior Golang разработчик в команду Network And Network Services [МТС Web Services (MWS)],https://hh.ru/vacancy/118289206,МТС,не указана,От 3 до 6 лет,Нет,1,0,0,0,1,0,0,0,0,0,0,0
Key account manager (федеральные клиенты) [кибербезопасность],https://hh.ru/vacancy/118814850,МТС,не указана,От 3 до 6 лет,Нет,0,0,0,0,0,1,0,0,0,0,0,0
Senior Golang разработчик в команду Serverless Queue [МТС Web Services (MWS)],https://hh.ru/vacancy/118289147,МТС,не указана,От 3 до 6 лет,Да,0,0,0,0,1,0,0,0,0,0,0,0
Специалист по администрированию сетевого оборудования,https://hh.ru/vacancy/118249026,BI.ZONE,не указана,От 1 года до 3 лет,Нет,0,1,0,0,0,0,0,0,0,0,0,0
Инженер по сопровождению SIEM систем,https://hh.ru/vacancy/115684880,ГК Innostage,не указана,От 1 года до 3 лет,Нет,0,1,0,0,0,0,0,0,1,0,0,0
"Senior/Team Lead Java developer (AI, ML сервисы)",https://hh.ru/vacancy/118987031,Клауд Солюшенс,не указана,Более 6 лет,Нет,0,0,1,1,1,1,0,0,0,0,0,0
"Системный разработчик (C/C++, Linux, Go, EDR/Endpoint)",https://hh.ru/vacancy/118710439,Xello,не указана,От 1 года до 3 лет,Да,1,1,1,0,0,0,0,0,0,0,0,0
Специалист по комплаенс ИБ,https://hh.ru/vacancy/116813325,Сравни,не указана,От 3 до 6 лет,Нет,0,0,0,0,0,0,0,0,0,0,0,0
Data engineer,https://hh.ru/vacancy/117480194,СБЕР,не указана,От 3 до 6 лет,Нет,0,0,0,0,0,0,0,0,0,0,0,0
Руководитель проектов ИБ,https://hh.ru/vacancy/115626522,K2 Тех,не указана,От 3 до 6 лет,Да,0,0,0,0,0,1,0,0,0,0,0,0
Руководитель направления по защите Платформ виртуализации и контейнеризации,https://hh.ru/vacancy/118302108,СБЕР,не указана,От 3 до 6 лет,Нет,0,0,0,0,1,0,0,0,0,0,0,0
Специалист по методологии и сертификации в отдел Кибербезопасности,https://hh.ru/vacancy/118604807,SberTech,не указана,От 3 до 6 лет,Нет,0,0,0,0,0,0,0,0,0,0,0,0
Системный администратор (информационная безопасность),https://hh.ru/vacancy/117644701,Правительство Москвы,не указана,От 1 года до 3 лет,Нет,0,1,0,0,0,1,0,0,0,0,0,0
Senior QA automation engineer,https://hh.ru/vacancy/118430776,BI.ZONE,не указана,От 3 до 6 лет,Нет,0,0,0,0,0,0,0,0,0,0,0,0
Менеджер по закупкам и поиску товара,https://hh.ru/vacancy/117347150,Staffberry,от 120000 до 160000 RUR,От 3 до 6 лет,Нет,0,0,0,0,0,0,0,0,0,0,0,0
Customer success manager / Технический партнёр,https://hh.ru/vacancy/119182092,Солар,не указана,От 3 до 6 лет,Нет,0,0,0,0,0,0,0,0,0,0,0,0
Инженер 1 линии (PAM),https://hh.ru/vacancy/115779949,BI.ZONE,не указана,От 1 года до 3 лет,Нет,0,1,0,0,0,0,0,0,0,0,0,0
Специалист по кибербезопасности (аналитик информационной безопасности) в VK ID,https://hh.ru/vacancy/102865197,VK,не указана,От 3 до 6 лет,Нет,0,0,0,0,0,1,0,0,0,0,0,0
Юрист правового сопровождения государственных проектов,https://hh.ru/vacancy/118127264,Солар,не указана,От 3 до 6 лет,Нет,0,0,0,0,0,0,0,0,0,0,0,0
Архитектор (кибербезопасность),https://hh.ru/vacancy/118572519,СБЕР,не указана,От 3 до 6 лет,Нет,0,0,0,0,0,0,0,0,0,0,0,1
Специалист по администрированию сетевого оборудования,https://hh.ru/vacancy/118249024,BI.ZONE,не указана,От 1 года до 3 лет,Нет,0,1,0,0,0,0,0,0,0,0,0,0
Старший инженер СЗИ (Linux),https://hh.ru/vacancy/116367578,Солар,не указана,От 3 до 6 лет,Нет,0,1,0,0,0,1,0,0,1,0,0,0
Solution архитектор,https://hh.ru/vacancy/118143546,СБЕР,не указана,Более 6 лет,Нет,0,0,1,0,1,0,0,0,0,0,0,0
Маркетолог Jet Security Team,https://hh.ru/vacancy/119010311,Инфосистемы Джет,не указана,От 3 до 6 лет,Нет,0,0,0,0,0,1,0,0,0,0,0,0
Системный аналитик (Брокерский бизнес),https://hh.ru/vacancy/118488220,СБЕР,не указана,От 3 до 6 лет,Нет,0,0,0,0,0,0,0,0,0,0,0,0
Инженер кибербезопасности,https://hh.ru/vacancy/115636447,СБЕР,не указана,От 3 до 6 лет,Нет,0,0,0,0,0,0,0,0,1,0,0,0
Заместитель начальника управления информационной безопасности,https://hh.ru/vacancy/116095899,НИЦ КУРЧАТОВСКИЙ ИНСТИТУТ,от 254000 RUR,От 3 до 6 лет,Нет,0,1,0,0,0,1,0,1,0,0,0,1
Корпоративный секретарь,https://hh.ru/vacancy/118513034,Солар,не указана,Более 6 лет,Нет,0,0,0,0,0,0,0,0,0,0,0,0
Аналитик по управлению уязвимостями (VM),https://hh.ru/vacancy/118210006,MobileUp,не указана,От 1 года до 3 лет,Нет,0,1,0,0,0,1,0,0,1,0,0,0
Ведущий эксперт базы знаний (пентестер),https://hh.ru/vacancy/118745468,CyberOK,от 250000 RUR,От 3 до 6 лет,Да,0,0,0,0,0,0,0,0,0,0,0,0
Лидер по инфраструктуре,https://hh.ru/vacancy/118784996,СБЕР,не указана,Более 6 лет,Нет,0,1,1,0,1,0,0,0,0,0,0,0
SMM-менеджер,https://hh.ru/vacancy/116855480,BI.ZONE,не указана,От 3 до 6 лет,Нет,0,0,0,0,0,0,0,0,0,0,0,0
Менеджер по поддержке внутренних сервисов (Департамент кибербезопасности),https://hh.ru/vacancy/119120568,СБЕР,не указана,От 1 года до 3 лет,Нет,0,0,0,0,0,0,0,0,0,0,0,0
Data Scientist (Middle),https://hh.ru/vacancy/118461280,Лаборатория Касперского,не указана,От 3 до 6 лет,Нет,0,0,1,0,0,0,0,0,0,0,0,0
Преподаватель направления Информационная безопасность,https://hh.ru/vacancy/117368521,ТС Солюшен,не указана,От 3 до 6 лет,Да,0,0,0,0,0,1,0,0,0,0,0,0
Менеджер по продуктовому маркетингу,https://hh.ru/vacancy/118425071,Солар,не указана,От 3 до 6 лет,Нет,0,0,0,0,0,0,0,0,0,0,0,0
Тендерный специалист,https://hh.ru/vacancy/118814733,Солар,не указана,От 3 до 6 лет,Нет,0,0,0,0,0,0,0,0,0,0,0,0
Руководитель проектов (JSOC),https://hh.ru/vacancy/87981142,Солар,не указана,От 1 года до 3 лет,Нет,0,0,0,0,0,0,0,0,1,0,0,0
Аналитик Optimacros,https://hh.ru/vacancy/118644530,Р-Вижн,не указана,От 1 года до 3 лет,Да,0,0,0,0,0,0,0,0,0,0,0,0
Аналитик киберугроз,https://hh.ru/vacancy/118855275,СК Сбербанк страхование жизни,не указана,От 1 года до 3 лет,Нет,0,1,0,0,0,0,0,0,1,0,0,0
Инженер по кибербезопасности,https://hh.ru/vacancy/118298299,Cloud.ru,не указана,От 3 до 6 лет,Нет,0,1,0,0,0,0,0,0,0,0,0,0
Старший специалист по кибербезопасности,https://hh.ru/vacancy/118958404,БЮРО 1440,не указана,От 1 года до 3 лет,Нет,0,1,0,0,0,0,0,0,1,0,0,0
TechLead Pentest,https://hh.ru/vacancy/118542761,Непрерывные Технологии,не указана,От 1 года до 3 лет,Да,0,0,0,0,0,0,1,0,0,0,0,0
Начальник отдела информационной безопасности (в г. Владимир),https://hh.ru/vacancy/118970190,Abi,не указана,От 3 до 6 лет,Нет,0,0,0,0,0,0,0,0,0,0,0,0
Tech Lead Node.js,https://hh.ru/vacancy/117133708,Р-Вижн,не указана,Более 6 лет,Да,0,0,0,0,1,1,0,0,0,0,0,0
Разработчик-методолог образовательных курсов,https://hh.ru/vacancy/118050690,Positive Technologies,не указана,От 3 до 6 лет,Нет,0,0,0,0,0,0,0,0,0,0,0,0
Руководитель отдела методологии (Информационная безопасность),https://hh.ru/vacancy/118688426,Секъюритм,от 200000 RUR,Более 6 лет,Да,0,0,0,0,0,1,0,0,0,0,0,0
Старший системный аналитик,https://hh.ru/vacancy/102797005,Р-Вижн,не указана,От 3 до 6 лет,Нет,0,0,0,0,0,0,0,0,0,0,0,0
Senior System Analyst (направление IoT),https://hh.ru/vacancy/118250303,Клауд Солюшенс,не указана,От 3 до 6 лет,Нет,0,0,0,0,0,1,0,0,0,0,0,0
Инженер (Экспертиза кибербезопасности),https://hh.ru/vacancy/117224783,СБЕР,не указана,От 1 года до 3 лет,Нет,0,0,0,0,0,0,0,1,0,0,0,0
Ведущий специалист отдела информационной (кибер) безопасности,https://hh.ru/vacancy/106590223,Рыночный Спецдепозитарий,от 220000 RUR,От 1 года до 3 лет,Нет,0,0,0,0,0,0,0,0,0,0,0,0
Системный администратор,https://hh.ru/vacancy/118064924,Группа компаний Эталон,от 145000 RUR,От 1 года до 3 лет,Нет,0,0,0,0,0,0,0,0,0,0,0,0
Системный Администратор,https://hh.ru/vacancy/106019170,СберСити,от 120000 RUR,От 1 года до 3 лет,Нет,0,1,0,0,0,0,0,0,0,0,0,0
Менеджер по работе с клиентами (без поиска),https://hh.ru/vacancy/118291877,Удостоверяющий Центр Сибири,от 80000 до 120000 RUR,Нет опыта,Нет,0,0,0,0,0,1,0,0,0,0,0,0
Руководитель органа криптографической защиты информации,https://hh.ru/vacancy/118888544,Cloud.ru,не указана,Более 6 лет,Нет,0,0,0,0,0,1,0,0,0,0,0,0
Руководитель группы продаж,https://hh.ru/vacancy/107794814,Р-Вижн,не указана,От 3 до 6 лет,Нет,0,0,0,0,0,0,0,0,0,0,0,0
Администратор информационной безопасности,https://hh.ru/vacancy/118176878,HR ME,от 140000 RUR,От 1 года до 3 лет,Нет,0,1,0,0,0,0,0,0,1,0,0,0
Архитектор ИБ решений,https://hh.ru/vacancy/119023776,Positive Technologies,не указана,Более 6 лет,Нет,0,0,0,0,0,0,0,0,0,0,0,0
DevOps-инженер,https://hh.ru/vacancy/118277740,КуАпп,не указана,От 3 до 6 лет,Да,0,1,1,0,0,0,0,0,0,0,1,0
Аудитор по информационной безопасности (СКЗИ),https://hh.ru/vacancy/117834604,Солар,не указана,От 3 до 6 лет,Нет,0,0,0,0,0,0,0,0,0,0,1,0
Инженер по информационной безопасности,https://hh.ru/vacancy/117648321,iTPROTECT,не указана,От 1 года до 3 лет,Нет,0,0,0,0,0,1,0,0,1,0,0,0
Консультант по информационной безопасности (SOC),https://hh.ru/vacancy/117750638,Солар,не указана,От 1 года до 3 лет,Да,0,0,0,0,0,0,0,0,0,0,0,0
Менеджер по продажам,https://hh.ru/vacancy/115590489,ИНФОРМЗАЩИТА,не указана,От 1 года до 3 лет,Нет,0,0,0,0,0,0,0,0,0,0,0,0
Менеджер продукта,https://hh.ru/vacancy/118154934,Агропромцифра,не указана,От 3 до 6 лет,Нет,0,0,0,0,0,0,0,0,0,0,0,0
Методолог по информационной безопасности,https://hh.ru/vacancy/118775360,СОГАЗ,не указана,От 3 до 6 лет,Нет,0,0,0,0,0,0,0,0,0,0,0,0
Младший инженер по сопровождению ИБ систем,https://hh.ru/vacancy/118855943,Р-Вижн,не указана,От 1 года до 3 лет,Нет,0,1,1,0,0,0,0,0,0,0,0,0
Senior Developer C++,https://hh.ru/vacancy/114310281,Р-Вижн,не указана,От 3 до 6 лет,Да,0,1,0,0,0,0,0,0,0,0,0,0
Архитектор ИБ по сетевым СрЗИ (Ведущий инженер-проектировщик),https://hh.ru/vacancy/104350733,Солар,не указана,От 3 до 6 лет,Нет,0,0,0,0,0,1,0,0,0,0,0,0
Младший менеджер по работе с партнерами,https://hh.ru/vacancy/117379150,BI.ZONE,не указана,От 1 года до 3 лет,Нет,0,0,0,0,0,0,0,0,0,0,0,0
Product owner образовательных курсов и программ по информационной безопасности,https://hh.ru/vacancy/118730462,Positive Technologies,не указана,От 3 до 6 лет,Нет,0,0,0,0,0,0,0,0,0,0,0,0
Event-менеджер/менеджер организации и проведения мероприятий,https://hh.ru/vacancy/118142604,АМ Медиа,от 80000 до 120000 RUR,От 1 года до 3 лет,Нет,0,0,0,0,0,0,0,0,0,0,0,0
Ведущий руководитель проектов по информационной безопасности,https://hh.ru/vacancy/119167318,Солар,не указана,От 1 года до 3 лет,Нет,0,0,0,0,0,0,0,0,0,0,0,0
Python-разработчик (Data engineer),https://hh.ru/vacancy/116398821,Лига Цифровой Экономики,не указана,От 3 до 6 лет,Да,0,0,0,0,0,0,0,0,0,0,0,0
Senior Python Developer (Центр Искусственного интеллекта),https://hh.ru/vacancy/118714202,СБЕР,не указана,От 3 до 6 лет,Нет,1,1,1,0,0,1,0,0,0,0,0,0
Юрист правового сопровождения коммерческих проектов,https://hh.ru/vacancy/118126715,Солар,не указана,От 3 до 6 лет,Нет,0,0,0,0,0,0,0,0,0,0,0,0
Ведущий аналитик-исследователь киберугроз,https://hh.ru/vacancy/100495142,Р-Вижн,не указана,От 3 до 6 лет,Нет,0,0,0,0,0,1,0,0,1,0,0,0
Ведущий менеджер по работе с государственными заказчиками,https://hh.ru/vacancy/116337405,Солар,не указана,Более 6 лет,Нет,0,0,0,0,0,0,0,0,0,0,0,0
Аналитик по информационной безопасности (киберугрозы),https://hh.ru/vacancy/118260204,Хайлэнд Голд,не указана,От 1 года до 3 лет,Да,0,0,0,0,0,0,0,0,0,0,0,0
Системный администратор,https://hh.ru/vacancy/118898264,Инжиниринговый холдинг «эВ-групп»,от 160000 до 172500 RUR,От 1 года до 3 лет,Нет,0,0,0,0,0,0,0,0,0,0,0,0
Менеджер по продажам (pre-sale ),https://hh.ru/vacancy/112487640,Компания ТрансТелеКом,не указана,От 1 года до 3 лет,Нет,0,0,0,0,0,0,0,0,0,0,0,0
Специалист по реагированию на инциденты кибербезопасности и киберкриминалистике,https://hh.ru/vacancy/118256180,Cloud.ru,не указана,От 3 до 6 лет,Да,0,1,0,0,0,0,0,0,1,0,0,0
PR-менеджер продуктового направления,https://hh.ru/vacancy/118237861,Солар,не указана,От 1 года до 3 лет,Нет,0,0,0,0,0,1,0,0,0,1,0,0
Сервис-менеджер IDM,https://hh.ru/vacancy/118329852,Солар,не указана,От 1 года до 3 лет,Да,0,0,0,0,0,0,0,0,0,0,0,0
Менеджер по продажам курсов по кибербезопасности,https://hh.ru/vacancy/118123678,Кодебай,от 50000 до 170000 RUR,От 1 года до 3 лет,Да,0,0,0,0,0,0,0,0,0,0,0,0
Главный специалист отдела информационной безопасности,https://hh.ru/vacancy/118518785,Федеральное автономное учреждение «Национальный институт аккредитации» (ФАУ НИА),не указана,От 3 до 6 лет,Нет,0,0,0,0,0,0,0,0,1,0,0,0
Руководитель направления Информационная безопасность,https://hh.ru/vacancy/118235047,Филиал ФКУ Центр по обеспечению деятельности Казначейства России по обеспечению услугами в области информационных технологий,не указана,Более 6 лет,Нет,0,0,0,0,0,1,0,0,1,0,0,0
Ведущий инженер по кибербезопасности (веб-приложения),https://hh.ru/vacancy/118869223,СБЕР,не указана,От 1 года до 3 лет,Нет,0,1,0,0,0,0,1,1,0,0,0,1
Senior Golang разработчик в команду Compute Storage [МТС Web Services (MWS)],https://hh.ru/vacancy/118975847,МТС,не указана,Более 6 лет,Нет,0,0,0,0,0,1,0,0,0,0,0,0
Solution Architect,https://hh.ru/vacancy/118241123,СБЕР,не указана,Более 6 лет,Нет,0,0,0,0,1,0,0,0,0,0,0,0
Эксперт техподдержки VIP пользователей (Family Office),https://hh.ru/vacancy/118635966,Норникель,не указана,От 3 до 6 лет,Нет,0,0,0,0,0,0,0,0,0,0,0,0
Presale Lead,https://hh.ru/vacancy/117192865,Клауд Солюшенс,не указана,Более 6 лет,Нет,0,0,0,0,0,1,0,0,0,0,0,0
Руководитель отдела технической поддержки,https://hh.ru/vacancy/112304228,Амс Тимс,не указана,От 3 до 6 лет,Нет,0,1,0,0,0,1,0,0,0,0,0,0
Корпоративный архитектор,https://hh.ru/vacancy/115130094,СБЕР,не указана,От 3 до 6 лет,Нет,0,0,0,0,0,0,0,0,0,0,0,0
DevSecOps,https://hh.ru/vacancy/116454142,Лига Цифровой Экономики,не указана,От 3 до 6 лет,Нет,1,1,1,0,1,0,0,0,0,0,0,0
Менеджер по работе с ключевыми клиентами,https://hh.ru/vacancy/117022719,iTPROTECT,не указана,От 3 до 6 лет,Нет,0,0,0,0,0,0,0,0,0,0,0,0
Ведущий инженер по кибербезопасности,https://hh.ru/vacancy/118770504,Ростелеком - Центры обработки данных,не указана,От 1 года до 3 лет,Нет,0,1,0,0,0,0,0,0,1,0,0,0
Аналитик (Информационная безопасность),https://hh.ru/vacancy/119058087,Цикада,не указана,От 3 до 6 лет,Нет,0,0,0,0,0,1,0,0,0,0,0,0
Креатор,https://hh.ru/vacancy/116448173,Р-Вижн,не указана,От 1 года до 3 лет,Нет,0,0,0,0,0,1,0,0,0,0,0,0
Администратор информационной безопасности,https://hh.ru/vacancy/118313014,СБЕР,не указана,От 3 до 6 лет,Нет,0,0,0,0,0,0,0,0,1,0,0,0
Senior Tech Product Owner Object Storage [МТС Web Services (MWS)],https://hh.ru/vacancy/119108954,МТС,не указана,Более 6 лет,Нет,0,0,0,0,0,0,0,0,0,0,0,0
"Менеджер по развитию бизнеса, BDM (Информационная безопасность)",https://hh.ru/vacancy/119037054,Цикада,не указана,От 3 до 6 лет,Нет,0,0,0,0,0,1,0,0,0,0,0,0
Go разработчик сетевых инструментов,https://hh.ru/vacancy/118386155,CyberOK,не указана,От 3 до 6 лет,Да,0,1,0,0,0,0,0,0,0,0,0,0
Ведущий специалист отдела по кибербезопасности,https://hh.ru/vacancy/117334005,Современные технологии,до 235000 RUR,От 3 до 6 лет,Нет,0,0,0,0,0,0,0,0,1,0,0,0
Специалист по кибербезопасности,https://hh.ru/vacancy/116760466,Российские космические системы,от 95000 до 103000 RUR,От 1 года до 3 лет,Нет,0,0,0,0,0,1,0,0,0,0,0,0
Сетевой инженер,https://hh.ru/vacancy/119010249,Инфосистемы Джет,не указана,От 1 года до 3 лет,Нет,0,1,0,0,0,0,0,0,0,0,0,0
"Программный эксперт на курс OSINT аналитика, кибербезопасность",https://hh.ru/vacancy/119132332,Яндекс Практикум,не указана,От 3 до 6 лет,Да,0,0,0,0,0,1,0,0,0,0,0,0
Руководитель направления по развитию продуктов кибербезопасности,https://hh.ru/vacancy/118072671,МегаФон,не указана,Более 6 лет,Нет,0,0,0,0,0,0,0,0,0,0,0,0
Дежурный инженер по администрированию прикладных СЗИ,https://hh.ru/vacancy/118782838,BI.ZONE,не указана,От 1 года до 3 лет,Нет,0,1,0,0,0,0,0,0,0,0,0,0
Юрист - договорник в ИТ компанию,https://hh.ru/vacancy/118008428,Staffwell,не указана,От 3 до 6 лет,Нет,0,0,0,0,0,1,0,0,0,0,0,0
Специалист по кибербезопасности / Специалист по информационной безопасности,https://hh.ru/vacancy/117647149,МЕДЭКСПЕРТ ПЛЮС,до 150000 RUR,От 1 года до 3 лет,Нет,0,0,0,0,0,0,0,0,0,0,0,0
Руководитель технического сопровождения ИБ,https://hh.ru/vacancy/118557360,CtrlHack,не указана,От 3 до 6 лет,Нет,0,0,0,0,0,0,0,0,0,0,0,0
SRE-инженер (PAM),https://hh.ru/vacancy/116493053,BI.ZONE,не указана,От 3 до 6 лет,Нет,0,1,1,0,1,1,0,0,0,0,0,0
Главный специалист группы по работе с выпускниками,https://hh.ru/vacancy/118650825,Финансовый университет при Правительстве РФ,от 95000 до 95000 RUR,От 1 года до 3 лет,Нет,0,0,0,0,0,0,0,0,0,0,0,0
Ведущий SM-менеджер,https://hh.ru/vacancy/116363286,Солар,не указана,От 1 года до 3 лет,Да,0,0,0,0,0,0,0,0,0,0,0,0
Специалист по кибербезопасности,https://hh.ru/vacancy/118208670,ДНКОМ,не указана,От 1 года до 3 лет,Нет,0,1,0,0,0,0,0,0,1,0,0,0
Системный администратор,https://hh.ru/vacancy/118905045,Р-Вижн,не указана,От 3 до 6 лет,Нет,1,1,1,0,1,0,0,0,0,0,0,0
PR-менеджер,https://hh.ru/vacancy/116505972,Р-Вижн,не указана,От 1 года до 3 лет,Нет,0,0,0,0,0,0,0,0,0,0,0,0
Эксперт по кибербезопасности,https://hh.ru/vacancy/116019825,СБЕР,не указана,От 3 до 6 лет,Нет,0,1,0,1,1,0,0,1,0,0,0,0
Руководитель подразделения информационной безопасности (партнерский найм),https://hh.ru/vacancy/118561526,Positive Technologies,от 250000 до 300000 RUR,Более 6 лет,Нет,0,0,0,0,0,1,0,0,1,0,0,0
Специалист по информационной безопасности,https://hh.ru/vacancy/118875956,Группа компаний РБЕ (RBE Group),не указана,От 3 до 6 лет,Да,1,0,0,0,0,0,0,1,0,0,0,0
Главный эксперт по информационной безопасности (ПДН/КИИ),https://hh.ru/vacancy/117686008,Международный аэропорт Шереметьево,от 249000 до 294000 RUR,От 3 до 6 лет,Нет,0,0,0,0,0,1,0,0,0,0,0,0
Executive Key Account Manager (ИБ),https://hh.ru/vacancy/118888682,Вебмониторэкс,не указана,От 3 до 6 лет,Нет,0,0,0,0,0,0,0,0,0,0,0,0
Middle Solution Architect [IGA],https://hh.ru/vacancy/115683763,МТС,не указана,От 3 до 6 лет,Да,0,0,1,0,1,0,0,0,0,0,0,0
Аналитик бизнес-процессов,https://hh.ru/vacancy/116793951,Амс Тимс,не указана,От 1 года до 3 лет,Нет,0,0,0,0,0,0,0,0,0,0,0,0
Ведущий менеджер по продажам\Senior account manager,https://hh.ru/vacancy/105983559,Р-Вижн,не указана,От 3 до 6 лет,Нет,0,0,0,0,0,0,0,0,0,0,0,0
Tech Lead в отдел архитектуры и инфраструктуры,https://hh.ru/vacancy/118746143,СберСпасибо,не указана,Более 6 лет,Нет,1,1,0,0,1,1,0,0,0,0,0,0
Системный аналитик (системы мониторинга),https://hh.ru/vacancy/117914274,Клауд Солюшенс,не указана,Более 6 лет,Нет,0,0,0,0,0,1,0,0,0,0,0,0
Директор департамента продаж,https://hh.ru/vacancy/117103618,ГК Innostage,не указана,От 3 до 6 лет,Нет,0,0,0,0,0,0,0,0,0,0,0,0
Ведущий системный администратор,https://hh.ru/vacancy/118524315,Bellerage,не указана,От 3 до 6 лет,Нет,0,1,1,0,1,0,0,0,0,0,0,0
Специалист по кибербезопасности,https://hh.ru/vacancy/118913083,Bayer,не указана,От 1 года до 3 лет,Нет,0,0,0,0,0,1,0,0,0,1,0,0
Менеджер по продажам ИТ/ИБ услуг / Руководитель отдела продаж,https://hh.ru/vacancy/118465736,SIMPLITY,не указана,От 3 до 6 лет,Нет,0,0,0,0,0,0,0,0,0,0,0,0
"PR-менеджер направления ""Корпоративные коммуникации""",https://hh.ru/vacancy/116336769,Солар,не указана,От 3 до 6 лет,Нет,0,0,0,0,0,0,0,0,0,0,0,0
KAM / Менеджер по продаже решений Кибербезопасности (Телеком),https://hh.ru/vacancy/115896849,ИНФОРМЗАЩИТА,не указана,От 3 до 6 лет,Нет,0,0,0,0,0,0,0,0,0,0,0,0
Специалист по исследованию киберугроз (TI),https://hh.ru/vacancy/111238807,ИнфоТеКС,не указана,От 1 года до 3 лет,Нет,0,0,0,0,0,0,0,1,1,0,0,0
Маркетинговый координатор по онлайн-продвижению,https://hh.ru/vacancy/118715044,BI.ZONE,не указана,От 1 года до 3 лет,Нет,0,0,0,0,0,0,0,0,0,0,0,0
Специалист по техническому обучению (продукт BI.ZONE EDR),https://hh.ru/vacancy/117281710,BI.ZONE,не указана,От 3 до 6 лет,Нет,0,1,0,0,0,0,0,0,1,0,0,0
Бизнес-аналитик (Проекты 1С),https://hh.ru/vacancy/118314290,Солар,не указана,От 3 до 6 лет,Да,0,0,0,0,0,0,0,0,0,0,0,0
Менеджер по продвижению решений,https://hh.ru/vacancy/118506669,BI.ZONE,не указана,От 1 года до 3 лет,Нет,0,0,0,0,0,0,0,0,0,0,0,0
Владелец знаний по кибербезопасности для генеративного ИИ,https://hh.ru/vacancy/118146685,СБЕР,не указана,От 3 до 6 лет,Нет,0,1,0,0,0,0,0,0,0,0,0,0
Middle+ Пентестер (Pentester)/специалист по тестированию на проникновение,https://hh.ru/vacancy/118442937,Нейроинформ,не указана,От 3 до 6 лет,Да,0,0,0,0,0,0,0,1,0,0,0,0
Специалист по автоматизации тестирования,https://hh.ru/vacancy/116799599,BI.ZONE,не указана,От 1 года до 3 лет,Да,0,1,1,0,0,0,0,0,0,0,0,0
Эксперт по кибербезопасности,https://hh.ru/vacancy/117681694,Русская Нержавеющая Компания,не указана,От 1 года до 3 лет,Да,0,1,0,0,0,1,0,0,0,0,0,0
Тренер по кибербезопасности,https://hh.ru/vacancy/117831001,F6,не указана,От 3 до 6 лет,Нет,0,1,0,0,0,0,0,0,0,0,0,0
Специалист по информационной безопасности,https://hh.ru/vacancy/110302266,Медиа Бизнес Солюшенс,не указана,От 3 до 6 лет,Нет,1,1,1,0,1,1,0,1,1,0,0,0
Специалист по администрированию сетевого оборудования,https://hh.ru/vacancy/118249025,BI.ZONE,не указана,От 1 года до 3 лет,Нет,0,1,0,0,0,0,0,0,0,0,0,0
Менеджер по развитию бизнеса (информационная безопасность),https://hh.ru/vacancy/118075683,IBS,не указана,От 3 до 6 лет,Нет,0,0,0,0,0,0,0,0,0,0,0,0
Специалист по информационной безопасности,https://hh.ru/vacancy/118258764,СИСТЭМ ЭЛЕКТРИК,не указана,От 3 до 6 лет,Да,0,0,0,0,0,0,0,0,0,0,0,0
Менеджер по работе с вендорами,https://hh.ru/vacancy/118406388,ГК Innostage,не указана,От 3 до 6 лет,Нет,0,0,0,0,0,0,0,0,0,0,0,0
Менеджер по продажам ИТ/ИБ услуг / Руководитель отдела продаж,https://hh.ru/vacancy/118465735,SIMPLITY,не указана,От 3 до 6 лет,Нет,0,0,0,0,0,0,0,0,0,0,0,0
Рыночный Аналитик/Руководитель рыночной аналитики (ИБ),https://hh.ru/vacancy/117650415,INFOWATCH,не указана,От 3 до 6 лет,Нет,0,0,0,0,0,1,0,0,0,0,0,0
Редактор в B2B,https://hh.ru/vacancy/118248373,BI.ZONE,не указана,От 1 года до 3 лет,Да,0,0,0,0,0,0,0,0,0,0,0,0
Ведущий инженер по информационной безопасности,https://hh.ru/vacancy/105301411,Компания ТрансТелеКом,не указана,От 3 до 6 лет,Нет,0,0,0,0,0,1,0,0,0,0,0,1
Казначей,https://hh.ru/vacancy/118464959,Positive Technologies,не указана,От 3 до 6 лет,Нет,0,0,0,0,0,0,0,0,0,0,0,0
Менеджер по продажам IT-автоматизации,https://hh.ru/vacancy/118594675,Первый Бит,от 80000 RUR,Нет опыта,Нет,0,0,0,0,0,0,0,0,0,0,0,0
AppSec инженер,https://hh.ru/vacancy/117677832,Центр Новых Финансовых Сервисов,не указана,От 1 года до 3 лет,Нет,0,1,1,0,1,0,0,1,0,0,0,0
Методолог по кибербезопасности / информационной безопасности,https://hh.ru/vacancy/118917202,Центр Новых Финансовых Сервисов,не указана,От 1 года до 3 лет,Нет,0,0,0,0,0,0,0,0,0,0,0,0
Главный специалист службы внутреннего контроля-комплаенс службы,https://hh.ru/vacancy/116545294,"Авангард, АКБ",не указана,От 3 до 6 лет,Нет,0,0,0,0,0,0,0,0,0,0,0,0
Архитектор по информационной безопасности,https://hh.ru/vacancy/117429076,Солар,не указана,От 3 до 6 лет,Нет,0,0,0,0,0,0,0,0,0,0,0,0
Application Security Engineer,https://hh.ru/vacancy/117522872,РАСЧЕТНЫЕ РЕШЕНИЯ,не указана,От 1 года до 3 лет,Нет,1,0,1,0,1,0,1,1,0,0,0,0
Data Scientist (аналитик-разработчик) в модерацию рекламы,https://hh.ru/vacancy/118191844,Яндекс,не указана,От 3 до 6 лет,Нет,0,0,0,0,0,1,0,0,0,0,0,0
Эксперт по организационному проектированию,https://hh.ru/vacancy/118829437,Солар,не указана,От 1 года до 3 лет,Нет,0,0,0,0,0,0,0,0,0,0,0,0
Руководитель направления по кибербезопасности ИИ,https://hh.ru/vacancy/119122608,СБЕР,не указана,От 3 до 6 лет,Нет,0,0,0,0,0,0,0,0,0,0,0,0
Руководитель направления 1 линии реагирования SOC,https://hh.ru/vacancy/118592564,Альфа-Банк,не указана,От 3 до 6 лет,Нет,0,1,0,0,0,0,0,0,1,0,0,0
Системный инженер UC и ВКС,https://hh.ru/vacancy/118969193,intact,не указана,От 3 до 6 лет,Нет,0,1,0,0,0,0,0,0,0,0,0,0
Консультант по информационной безопасности/Специалист КИИ,https://hh.ru/vacancy/114563042,ИНФОРМЗАЩИТА,не указана,От 1 года до 3 лет,Нет,0,1,0,0,0,0,0,0,0,0,0,0
Главный инженер СЗИ,https://hh.ru/vacancy/117949306,BI.ZONE,не указана,Более 6 лет,Нет,0,1,0,0,0,1,0,0,1,0,0,0
Руководитель направления SOC,https://hh.ru/vacancy/117938766,СК Сбербанк страхование жизни,не указана,Более 6 лет,Нет,0,1,0,0,0,0,0,0,1,0,0,0
DevSecOps / DevOps (кибербезопасность),https://hh.ru/vacancy/118401076,Газпромбанк,не указана,От 1 года до 3 лет,Нет,0,1,0,0,0,1,0,1,0,0,0,0
Архитектор по кибербезопасности продуктов,https://hh.ru/vacancy/117410889,Navio (ООО Автотех),не указана,От 3 до 6 лет,Нет,0,1,0,0,1,1,0,0,0,1,0,0
Консультант по информационной безопасности,https://hh.ru/vacancy/118816561,ГК Innostage,не указана,От 3 до 6 лет,Да,0,0,0,0,0,1,0,0,0,0,0,0
Devops specialist,https://hh.ru/vacancy/119160075,СБЕР,не указана,От 3 до 6 лет,Нет,1,1,0,0,1,0,0,0,0,0,0,0
Менеджер проектов внедрения ИТ-решений в Финансовый блок,https://hh.ru/vacancy/118706257,СК Сбербанк страхование жизни,не указана,От 1 года до 3 лет,Нет,0,0,0,0,0,0,0,0,0,0,0,0
Специалист по информационной безопасности (методолог),https://hh.ru/vacancy/118730397,Cosmos Hotel Group,не указана,От 3 до 6 лет,Нет,0,0,0,0,0,0,0,0,0,0,0,0
Senior product designer [MTС Web Services (MWS)],https://hh.ru/vacancy/117196453,МТС,не указана,От 3 до 6 лет,Да,0,0,0,0,0,0,0,0,0,0,0,0
Pentester [Middle],https://hh.ru/vacancy/118699001,Диплей,не указана,От 1 года до 3 лет,Да,0,1,0,0,0,0,0,1,0,0,0,0
Руководитель группы проектного учета,https://hh.ru/vacancy/118829065,Солар,не указана,От 3 до 6 лет,Нет,0,0,0,0,0,0,0,0,0,0,0,0
Инженер по кибербезопасности,https://hh.ru/vacancy/106880653,Центр Новых Финансовых Сервисов,не указана,От 3 до 6 лет,Нет,0,1,0,0,0,0,0,1,1,0,0,0
Методолог по информационной безопасности в Отдел взаимодействия с региональными филиалами,https://hh.ru/vacancy/118554780,Россельхозбанк,не указана,От 3 до 6 лет,Нет,0,0,0,0,0,1,0,0,0,0,0,0
Эксперт/специалист Application Security,https://hh.ru/vacancy/119018209,SberTech,не указана,От 3 до 6 лет,Нет,0,0,0,0,0,1,0,1,0,0,0,0
Аналитик 1С,https://hh.ru/vacancy/118774220,BI.ZONE,не указана,От 1 года до 3 лет,Нет,0,0,0,0,0,0,0,0,0,0,0,0
Менеджер по продвижению ИТ-решений,https://hh.ru/vacancy/105340258,КРОК,не указана,От 1 года до 3 лет,Нет,0,0,0,0,0,0,0,0,0,0,0,0
Инженер в группу облачных СХД,https://hh.ru/vacancy/118302729,Клауд Солюшенс,не указана,От 3 до 6 лет,Нет,0,1,1,0,1,1,0,0,0,0,0,0
Специалист по кибербезопасности (SOC),https://hh.ru/vacancy/118042307,Газпромнефть-Снабжение,не указана,От 1 года до 3 лет,Нет,0,0,0,0,0,0,0,0,1,0,0,0
Инженер (внедрение сетевых СЗИ),https://hh.ru/vacancy/116366451,Солар,не указана,От 1 года до 3 лет,Нет,0,1,0,0,0,0,0,0,0,0,0,0
Специалист по архитектуре информационной безопасности,https://hh.ru/vacancy/118423720,СИСТЭМ ЭЛЕКТРИК,не указана,От 1 года до 3 лет,Да,0,1,1,0,1,0,0,0,0,0,0,0
Инженер по сопровождению сетевого оборудования,https://hh.ru/vacancy/118852611,ГК Innostage,не указана,От 1 года до 3 лет,Нет,0,1,0,0,0,0,0,0,0,0,0,0
Руководитель направления безопасности контейнерных сред,https://hh.ru/vacancy/119106248,Cloud.ru,не указана,От 3 до 6 лет,Нет,0,1,0,0,1,1,0,0,0,0,0,0
Эксперт направления по антивирусной защиты,https://hh.ru/vacancy/117684226,Русская Нержавеющая Компания,не указана,От 1 года до 3 лет,Да,0,1,0,0,0,1,0,0,0,0,0,0
Инженер (администратор) СЗИ,https://hh.ru/vacancy/117876461,ЦИБИТ,не указана,От 3 до 6 лет,Нет,0,1,0,0,0,0,0,0,0,0,0,0
"Старший консультант, конфиденциальность данных, группа по оказанию услуг в области кибербезопасности",https://hh.ru/vacancy/115698280,Kept (Кэпт),не указана,От 3 до 6 лет,Да,0,0,0,0,0,0,0,0,0,0,0,1
Специалист по расследованию и реагированию на угрозы ИБ,https://hh.ru/vacancy/85899981,Positive Technologies,не указана,От 3 до 6 лет,Нет,0,0,0,0,0,0,0,0,1,0,0,0
Аналитик киберугроз,https://hh.ru/vacancy/115777671,Р-Вижн,не указана,От 3 до 6 лет,Нет,0,0,0,0,0,1,0,0,1,0,0,0
Администратор 1С Бухгалтерия и ЗУП,https://hh.ru/vacancy/118241486,Амс Тимс,не указана,От 1 года до 3 лет,Нет,0,0,0,0,0,0,0,0,0,0,0,0
Инженер-проектировщик средств защиты информации,https://hh.ru/vacancy/117789498,ГК Innostage,не указана,От 1 года до 3 лет,Да,0,0,0,0,0,0,0,0,1,0,0,0
Главный специалист по администрированию и сопровождению СКЗИ,https://hh.ru/vacancy/116521104,Трубная Металлургическая Компания,не указана,Нет опыта,Нет,0,0,0,0,0,0,0,0,0,0,0,0
Ведущий разработчик С++ (MacOS),https://hh.ru/vacancy/117030369,Zecurion,не указана,От 3 до 6 лет,Да,0,1,0,0,0,0,0,0,0,0,0,0
PR-менеджер,https://hh.ru/vacancy/118557655,SafeTech (СэйфТек),не указана,От 3 до 6 лет,Нет,0,0,0,0,0,0,0,0,0,0,0,0
Аккаунт-директор,https://hh.ru/vacancy/117022633,iTPROTECT,не указана,От 3 до 6 лет,Нет,0,0,0,0,0,0,0,0,0,0,0,0
Архитектор по информационной безопасности,https://hh.ru/vacancy/118223070,ГНИВЦ,не указана,От 3 до 6 лет,Нет,0,0,1,0,1,0,0,0,0,0,0,0
Senior Devops,https://hh.ru/vacancy/118428219,СБЕР,не указана,Более 6 лет,Нет,1,1,0,0,1,0,0,0,0,0,0,0
Менеджер по работе с ключевыми заказчиками,https://hh.ru/vacancy/115723131,Zecurion,не указана,От 1 года до 3 лет,Нет,0,0,0,0,0,0,0,0,0,0,0,0
Пресейл инженер проектов (ИБ),https://hh.ru/vacancy/118505113,Солар,не указана,От 1 года до 3 лет,Нет,0,0,0,0,0,0,0,0,1,0,0,0
Менеджер по сопровождению проверок,https://hh.ru/vacancy/118753863,Солар,не указана,От 1 года до 3 лет,Нет,0,0,0,0,0,0,0,0,0,0,0,0
Пресейл инженер / Pre-sale инженер,https://hh.ru/vacancy/118955740,Солар,не указана,От 1 года до 3 лет,Да,0,0,0,0,0,0,0,0,0,0,0,0
Senior Go разработчик,https://hh.ru/vacancy/117248702,BI.ZONE,не указана,От 3 до 6 лет,Да,0,0,0,0,0,1,0,0,1,0,0,0
Team Lead C++/Rust,https://hh.ru/vacancy/118523847,Р-Вижн,не указана,Более 6 лет,Да,0,1,0,0,0,0,0,0,0,0,0,0
Инженер средств защиты информации,https://hh.ru/vacancy/69634146,Банк ПСБ,не указана,От 1 года до 3 лет,Нет,0,0,0,0,0,0,0,1,1,0,0,0
KAM / Менеджер по продаже решений Кибербезопасности,https://hh.ru/vacancy/115896550,ИНФОРМЗАЩИТА,не указана,От 3 до 6 лет,Нет,0,0,0,0,0,0,0,0,0,0,0,0
Тренер по проведению Киберучений (Киберполигон),https://hh.ru/vacancy/118510995,Солар,не указана,От 1 года до 3 лет,Да,0,0,0,0,0,1,0,0,1,0,0,0
Менеджер по продажам ИТ/ИБ услуг / Руководитель отдела продаж,https://hh.ru/vacancy/118465732,SIMPLITY,не указана,От 3 до 6 лет,Нет,0,0,0,0,0,0,0,0,0,0,0,0
Ведущий инженер СРК (МТС Web Services (MWS)),https://hh.ru/vacancy/118240658,МТС,не указана,Более 6 лет,Нет,0,0,0,0,0,0,0,0,0,0,0,0
Разработчик С,https://hh.ru/vacancy/116811603,Zecurion,не указана,От 3 до 6 лет,Нет,0,1,0,0,0,0,0,0,0,0,0,0
Методолог (Кибербезопасность персональных данных),https://hh.ru/vacancy/118857903,СберСити,не указана,От 3 до 6 лет,Нет,0,0,0,0,0,0,0,0,0,0,0,0
Администратор баз данных,https://hh.ru/vacancy/118313427,Агропромцифра,не указана,От 1 года до 3 лет,Да,0,0,0,0,0,0,0,0,0,0,0,0
Red Team инженер [Middle],https://hh.ru/vacancy/118459622,Диплей,не указана,От 1 года до 3 лет,Да,0,1,0,0,0,0,0,1,0,0,0,0
Менеджер по продажам ИТ/ИБ услуг / Руководитель отдела продаж,https://hh.ru/vacancy/118465734,SIMPLITY,не указана,От 3 до 6 лет,Нет,0,0,0,0,0,0,0,0,0,0,0,0
Аналитик,https://hh.ru/vacancy/118499181,Агропромцифра,не указана,От 1 года до 3 лет,Нет,0,0,0,0,0,0,0,0,0,0,0,0
Дежурный инженер,https://hh.ru/vacancy/104359463,СберСити,не указана,От 3 до 6 лет,Нет,0,1,0,0,0,0,0,0,0,0,0,0
Инженер Pre-sale (Эксперт по информационной безопасности),https://hh.ru/vacancy/118688124,Секъюритм,от 200000 RUR,Более 6 лет,Да,0,1,0,0,0,1,0,0,0,0,0,0
Руководитель направления безопасной разработки (гибрид),https://hh.ru/vacancy/116912196,Центр Новых Финансовых Сервисов,не указана,От 3 до 6 лет,Нет,0,1,1,0,1,0,0,1,0,0,0,0
DevOps engineer (SIEM),https://hh.ru/vacancy/108351039,BI.ZONE,не указана,От 3 до 6 лет,Нет,0,1,0,0,1,1,0,0,1,0,0,0
Сервисный менеджер SOC,https://hh.ru/vacancy/116896683,КРОК,не указана,От 3 до 6 лет,Нет,0,0,0,0,0,0,0,0,0,0,0,0
Администратор средств защиты информации,https://hh.ru/vacancy/118758378,СберСпасибо,не указана,От 3 до 6 лет,Нет,0,0,0,0,1,0,0,0,0,0,0,0
Эксперт ИБ (облачная безопасность),https://hh.ru/vacancy/119150126,Х5 Group,не указана,От 3 до 6 лет,Нет,0,1,1,1,1,1,0,0,1,0,0,1
Специалист по информационной безопасности (SOC),https://hh.ru/vacancy/117651503,Страховой брокер Сбербанка,не указана,От 1 года до 3 лет,Нет,0,0,0,0,0,0,0,0,1,0,0,0
Специалист в отдел управления стратегического развития,https://hh.ru/vacancy/118077037,Агропромцифра,не указана,От 3 до 6 лет,Нет,0,0,0,0,0,0,0,0,0,0,0,0
Главный инженер проектов по ИБ,https://hh.ru/vacancy/104350777,Солар,не указана,От 3 до 6 лет,Нет,0,0,0,0,0,0,0,0,0,0,0,0
Инженер OpenStack,https://hh.ru/vacancy/117552179,Клауд Солюшенс,не указана,Более 6 лет,Нет,0,1,1,0,1,1,0,0,0,0,0,0
DevOps-инженер по кибербезопасности (DevSecOps),https://hh.ru/vacancy/118874948,АБК,не указана,От 1 года до 3 лет,Да,0,1,1,0,1,1,0,1,1,0,0,0
Главный системный аналитик,https://hh.ru/vacancy/118313555,Р-Вижн,не указана,Более 6 лет,Да,0,0,0,0,0,0,0,0,0,0,0,0
Руководитель направления продаж телеком компаниям,https://hh.ru/vacancy/115896799,ИНФОРМЗАЩИТА,не указана,От 3 до 6 лет,Нет,0,0,0,0,0,0,0,0,0,0,0,0
KAM / Менеджер по продаже решений Кибербезопасности (Направление по работе с Госсектором),https://hh.ru/vacancy/115897442,ИНФОРМЗАЩИТА,не указана,От 3 до 6 лет,Нет,0,0,0,0,0,0,0,0,0,0,0,0
Старший специалист по информационной безопасности,https://hh.ru/vacancy/119011581,Группа НЛМК,не указана,От 3 до 6 лет,Нет,0,0,0,0,0,0,0,0,0,0,0,1
"Руководитель команды системной разработки (EDR/Endpoint, C/C++, Linux, Go)",https://hh.ru/vacancy/118710459,Xello,не указана,От 1 года до 3 лет,Да,1,1,1,0,0,0,0,0,0,0,0,0
Руководитель направления методологии в отдел кибербезопасности,https://hh.ru/vacancy/118757145,СберСпасибо,не указана,От 3 до 6 лет,Нет,0,0,0,0,0,1,0,0,0,0,0,0
Системный администратор баз данных,https://hh.ru/vacancy/117635069,F6,не указана,От 3 до 6 лет,Нет,0,1,0,0,0,0,0,0,0,0,0,0
Архитектор решения (Информационная безопасность),https://hh.ru/vacancy/119024825,ИК СИБИНТЕК,не указана,От 3 до 6 лет,Нет,0,0,0,0,0,0,0,0,0,0,0,0
Менеджер по маркетплейсам,https://hh.ru/vacancy/118072763,CrypToro,от 110000 до 140000 RUR,От 1 года до 3 лет,Нет,0,0,0,0,0,0,0,0,0,0,0,0
SRE-инженер ceph в команду Storage [МТС Web Services (MWS)],https://hh.ru/vacancy/118289182,МТС,не указана,От 3 до 6 лет,Да,1,1,0,0,1,0,0,0,0,0,0,0
Менеджер по продажам ИТ/ИБ услуг / Руководитель отдела продаж,https://hh.ru/vacancy/118465733,SIMPLITY,не указана,От 3 до 6 лет,Нет,0,0,0,0,0,0,0,0,0,0,0,0
Ведущий аналитик киберугроз (EDR для Linux),https://hh.ru/vacancy/116687500,BI.ZONE,не указана,От 1 года до 3 лет,Да,0,1,0,0,0,1,0,0,1,0,0,0
Пресейл менеджер (Информационная безопасность),https://hh.ru/vacancy/119059132,Цикада,не указана,От 3 до 6 лет,Нет,0,0,0,0,0,1,0,0,0,0,0,0
Специалист по информационной безопасности (сервисы SOC),https://hh.ru/vacancy/115245338,Солар,не указана,От 3 до 6 лет,Да,0,0,0,0,0,0,0,0,1,0,0,1
Ведущий аналитик киберугроз (BI.ZONE EDR для Windows),https://hh.ru/vacancy/116722580,BI.ZONE,не указана,От 1 года до 3 лет,Да,0,1,0,0,0,1,0,0,1,0,0,0
Ведущий специалист по инфраструктурной безопасности,https://hh.ru/vacancy/117217810,Assistance Group,не указана,От 3 до 6 лет,Нет,0,1,1,0,1,1,0,0,1,0,0,0
Руководитель направления по «Защите АС Кибербезопасности (СЗИ) и инфраструктурных АС»,https://hh.ru/vacancy/118572748,СБЕР,не указана,От 3 до 6 лет,Нет,0,0,0,0,0,0,0,0,0,0,0,0
Руководитель проекта по ИБ,https://hh.ru/vacancy/116720320,ТЭК Информ,не указана,От 3 до 6 лет,Нет,0,0,0,0,0,0,0,0,0,0,0,0
Инженер-проектировщик АСУ ТП,https://hh.ru/vacancy/107910816,ИНФОРМЗАЩИТА,не указана,От 1 года до 3 лет,Нет,0,1,0,0,0,0,0,0,0,0,0,0
Старший системный аналитик,https://hh.ru/vacancy/118283147,Платежное Решение,не указана,От 3 до 6 лет,Нет,0,0,1,0,1,1,0,0,0,0,0,0
KAM / Менеджер по продаже решений Кибербезопасности (Направление ТЭК),https://hh.ru/vacancy/115894703,ИНФОРМЗАЩИТА,не указана,От 3 до 6 лет,Нет,0,0,0,0,0,0,0,0,0,0,0,0
Директор департамента продаж (информационная безопасность),https://hh.ru/vacancy/118473259,Softline,не указана,От 3 до 6 лет,Нет,0,0,0,0,0,0,0,0,0,0,0,0
Пресейл-архитектор по ИБ,https://hh.ru/vacancy/118113288,Солар,не указана,От 3 до 6 лет,Нет,0,0,0,0,0,0,0,0,0,0,0,0
Security Operations Center Lead,https://hh.ru/vacancy/118662986,Атом,не указана,От 3 до 6 лет,Нет,0,1,0,0,0,1,0,0,0,0,0,0
Аналитик по информационной безопасности,https://hh.ru/vacancy/117473355,METRO Cash & Carry,не указана,От 3 до 6 лет,Нет,0,0,0,0,0,1,0,1,1,0,0,0
Главный инженер по сопровождению (Кибербезопасность),https://hh.ru/vacancy/118811181,СБЕР,не указана,От 1 года до 3 лет,Нет,1,1,0,0,1,0,0,0,0,0,0,0
Начальник группы по работе с выпускниками,https://hh.ru/vacancy/118651647,Финансовый университет при Правительстве РФ,от 115000 до 115000 RUR,От 3 до 6 лет,Нет,0,0,0,0,0,0,0,0,0,0,0,0
Программист С++,https://hh.ru/vacancy/118348403,ГК Innostage,не указана,От 3 до 6 лет,Да,0,1,0,0,0,0,0,0,0,0,0,0
Главный инженер дежурной группы ЦОД,https://hh.ru/vacancy/117955123,BI.ZONE,не указана,От 3 до 6 лет,Нет,0,1,0,0,0,0,0,0,0,0,0,0
Специалист по тестированию на проникновение,https://hh.ru/vacancy/118248191,Positive Technologies,не указана,От 3 до 6 лет,Нет,0,0,1,1,1,1,0,0,0,0,0,0
Главный инженер по кибербезопасности,https://hh.ru/vacancy/118605713,СБЕР,не указана,От 1 года до 3 лет,Нет,0,0,1,0,1,0,0,0,0,0,0,0
Пресейл-инженер (Информационная безопасность),https://hh.ru/vacancy/114303850,Солар,не указана,От 1 года до 3 лет,Нет,0,0,0,0,0,0,0,0,1,0,0,0
Инженер по нагрузочному тестированию (PAM),https://hh.ru/vacancy/118903891,BI.ZONE,не указана,От 3 до 6 лет,Да,0,0,0,0,0,0,0,0,0,0,0,0
Эксперт (эксплуатация инфраструктуры),https://hh.ru/vacancy/117947829,Cloud.ru,не указана,Более 6 лет,Нет,0,1,0,0,0,0,0,0,0,0,0,0
KAM /Менеджер по продаже решений Кибербезопасности (Нефтегазовая отрасль),https://hh.ru/vacancy/115896352,ИНФОРМЗАЩИТА,не указана,От 3 до 6 лет,Нет,0,0,0,0,0,0,0,0,0,0,0,0
Главный инженер - Data Science,https://hh.ru/vacancy/118487328,СБЕР,не указана,От 1 года до 3 лет,Нет,0,0,0,0,0,1,0,0,0,0,0,0
Риск-партнер (ИТ),https://hh.ru/vacancy/118555942,Ак Барс Банк,не указана,От 1 года до 3 лет,Нет,0,0,0,0,0,0,0,0,0,0,0,0
Инженер по кибербезопасности,https://hh.ru/vacancy/93888427,"АТОЛ, группа компаний",не указана,От 3 до 6 лет,Нет,0,0,0,0,0,0,1,0,1,0,0,0
Ведущий инженер по сетевой безопасности,https://hh.ru/vacancy/118698086,K2 Тех,не указана,От 3 до 6 лет,Нет,0,0,0,0,0,1,0,0,1,0,0,0
Менеджер по продажам ИТ-услуг,https://hh.ru/vacancy/118823344,Тютюнник Константин Станиславович,от 90000 до 130000 RUR,От 1 года до 3 лет,Да,0,1,0,0,0,1,0,0,0,0,0,0
Специалист анализа защищённости (SOC),https://hh.ru/vacancy/116539950,Газпромнефть-Снабжение,не указана,От 1 года до 3 лет,Нет,0,1,0,0,0,1,0,1,0,0,0,0
Руководитель отдела информационной безопасности,https://hh.ru/vacancy/117104081,ВОЛАНТА,не указана,От 3 до 6 лет,Нет,0,0,0,0,0,0,0,0,1,0,0,0
Инженер-эксперт сопровождения EDR,https://hh.ru/vacancy/117249623,BI.ZONE,не указана,От 3 до 6 лет,Нет,0,1,0,0,0,1,0,0,0,0,0,0
Software developer (Linux),https://hh.ru/vacancy/117284954,Гексагон,не указана,От 3 до 6 лет,Нет,0,1,0,0,0,0,0,0,0,0,0,0
Инженер SOC,https://hh.ru/vacancy/106755915,Cloud.ru,не указана,От 3 до 6 лет,Нет,0,1,0,0,0,0,0,0,1,0,0,0
Senior C разработчик в команду Network And Network Services [МТС Web Services (MWS)],https://hh.ru/vacancy/118336365,МТС,не указана,Более 6 лет,Да,1,1,0,0,1,0,0,0,0,0,0,0
Инженер по сопровождению Positive Technologies (2 линия тех.поддержки),https://hh.ru/vacancy/103270628,ГК Innostage,не указана,От 1 года до 3 лет,Да,0,1,0,0,0,1,0,0,1,0,0,0
Инженер по информационной безопасности (SOC),https://hh.ru/vacancy/118652812,Атом,не указана,От 1 года до 3 лет,Нет,0,1,0,0,0,1,0,0,0,0,0,0
Архитектор ИБ по прикладным СрЗИ (Ведущий инженер-проектировщик),https://hh.ru/vacancy/118754993,Солар,не указана,От 3 до 6 лет,Нет,0,0,0,0,0,0,0,0,1,0,0,0
Пресейл архитектор (ИБ),https://hh.ru/vacancy/118437740,Солар,не указана,От 1 года до 3 лет,Нет,0,0,0,0,0,0,0,0,0,0,0,0
Tech Lead C/C++ в команду Cold Storage [МТС Web Services (MWS)],https://hh.ru/vacancy/118457851,МТС,не указана,Более 6 лет,Нет,1,0,0,1,1,0,0,0,0,0,0,0
Аналитик по кибербезопасности,https://hh.ru/vacancy/118782775,Газпромбанк,не указана,От 3 до 6 лет,Нет,0,0,0,0,0,1,0,0,0,0,0,0
Специалист по анализу защищенности веб-приложений (PT SWARM),https://hh.ru/vacancy/117526625,Positive Technologies,не указана,От 3 до 6 лет,Да,0,0,1,1,1,1,0,0,0,0,0,0
Руководитель/заместитель руководителя Департамента информационной безопасности,https://hh.ru/vacancy/118619064,Биржа ЦТС,не указана,От 3 до 6 лет,Нет,0,0,0,0,0,1,0,0,1,0,0,0
Специалист по операционной поддержке продаж,https://hh.ru/vacancy/118853116,Солар,не указана,От 1 года до 3 лет,Нет,0,0,0,0,0,0,0,0,0,0,0,0
Руководитель инжиниринга,https://hh.ru/vacancy/117492360,Positive Technologies,не указана,Более 6 лет,Нет,0,0,0,0,0,0,0,0,1,0,0,0
Аналитик сетевых угроз,https://hh.ru/vacancy/117799337,Солар,не указана,От 3 до 6 лет,Да,0,1,0,0,0,0,0,0,0,0,0,0
Главный специалист по операционным рискам и ИТ аудиту,https://hh.ru/vacancy/117568741,"Авангард, АКБ",не указана,От 3 до 6 лет,Нет,0,0,0,0,0,0,0,0,0,0,0,0
Senior System analyst (Networks),https://hh.ru/vacancy/118975357,Клауд Солюшенс,не указана,Более 6 лет,Нет,0,0,0,0,0,1,0,0,0,0,0,0
Начальник отдела защиты информации Управления информационных технологий,https://hh.ru/vacancy/116135204,ГБУ МО Мосавтодор,от 120000 до 150000 RUR,От 3 до 6 лет,Нет,0,1,0,0,0,1,0,0,0,0,0,0
Инженер по информационной безопасности (SOC),https://hh.ru/vacancy/118652811,Атом,не указана,От 1 года до 3 лет,Нет,0,1,0,0,0,1,0,0,0,0,0,0
QA Automation Engineer (TypeScript),https://hh.ru/vacancy/117471570,Клауд Солюшенс,не указана,От 3 до 6 лет,Нет,1,0,1,0,1,1,0,0,0,0,0,0
Специалист по направлению разведки киберугроз (TI),https://hh.ru/vacancy/118817698,Газпромнефть-Снабжение,не указана,От 1 года до 3 лет,Нет,0,1,0,0,0,0,0,0,1,0,0,0
Главный специалист департамента информационной безопасности (PCI DSS),https://hh.ru/vacancy/116518826,Банк ПСБ,не указана,От 1 года до 3 лет,Нет,0,0,0,0,0,1,1,0,0,0,0,1
Tech Lead Linux Kernel в команду Compute [МТС Web Services (MWS)],https://hh.ru/vacancy/117349086,МТС,не указана,Более 6 лет,Да,1,1,0,1,1,0,0,0,0,0,0,0
Penetration tester (mobile security),https://hh.ru/vacancy/118757178,BI.ZONE,не указана,От 3 до 6 лет,Да,0,0,0,0,0,0,0,1,0,0,0,0
Старший специалист по кибербезопасности,https://hh.ru/vacancy/117485324,А ДЕНЬГИ,не указана,Более 6 лет,Да,0,1,0,0,0,1,0,0,1,0,0,0
Senior Golang разработчик нагруженной платформы сбора и анализа данных,https://hh.ru/vacancy/118745390,CyberOK,не указана,Более 6 лет,Да,0,1,0,0,1,1,0,0,0,0,0,0
Expert Clickhouse / MPP,https://hh.ru/vacancy/117159455,СБЕР,не указана,Более 6 лет,Нет,0,1,0,0,0,0,0,0,0,0,0,0
Эксперт по сетевой безопасности (кибербезопасность),https://hh.ru/vacancy/118794509,Трубная Металлургическая Компания,не указана,От 1 года до 3 лет,Да,0,0,0,0,0,0,0,0,0,0,0,0
Системный Администратор,https://hh.ru/vacancy/107974965,СберСити,от 120000 RUR,Более 6 лет,Нет,0,1,0,0,0,0,0,0,0,0,0,0
Middle Blue Team/Специалист по защите информации,https://hh.ru/vacancy/118386711,CyberOK,не указана,От 3 до 6 лет,Да,0,1,0,0,0,1,0,0,1,0,0,0
Администратор SIEM,https://hh.ru/vacancy/118906643,BI.ZONE,не указана,От 3 до 6 лет,Нет,1,0,0,0,0,0,0,0,1,0,0,0
Менеджер по продажам ИТ/ИБ услуг / Руководитель отдела продаж,https://hh.ru/vacancy/118465731,SIMPLITY,не указана,От 3 до 6 лет,Нет,0,0,0,0,0,0,0,0,0,0,0,0
"Дизайнер в портал по киберграмотности, Customer Security Awareness Wildberries",https://hh.ru/vacancy/118185621,Инфра-Ресурс,не указана,От 1 года до 3 лет,Нет,0,0,0,0,0,1,0,0,0,0,0,0
Системный Администратор,https://hh.ru/vacancy/106005414,СберСити,не указана,От 1 года до 3 лет,Нет,0,1,0,0,0,0,0,0,0,0,0,0
Специалист по надежности и мониторингу (SRE),https://hh.ru/vacancy/104359149,СберСити,не указана,От 3 до 6 лет,Нет,0,1,1,0,1,0,0,0,0,0,0,0
Специалист по информационной безопасности,https://hh.ru/vacancy/118570613,Веос,от 150000 RUR,От 3 до 6 лет,Нет,0,0,0,0,0,1,0,0,0,0,0,0
Инженер средств защиты инфраструктуры (Linux),https://hh.ru/vacancy/116336190,Солар,не указана,От 3 до 6 лет,Да,0,1,1,0,1,0,0,0,0,0,0,0
Специалист по информационной безопасности,https://hh.ru/vacancy/109466257,ЮРАЛ,от 120000 RUR,От 1 года до 3 лет,Нет,0,0,0,0,0,0,0,0,0,0,0,0
Email / CRM-маркетолог,https://hh.ru/vacancy/112055172,BI.ZONE,не указана,От 3 до 6 лет,Нет,0,0,0,0,0,0,0,0,0,0,0,0
Team lead golang developer (PAM),https://hh.ru/vacancy/118537226,BI.ZONE,не указана,От 3 до 6 лет,Нет,0,0,0,0,0,0,0,0,0,0,0,0
Главный эксперт по защите персональных данных,https://hh.ru/vacancy/117437963,Шереметьево Безопасность,не указана,От 3 до 6 лет,Нет,0,0,0,0,0,1,0,0,0,0,0,0
Аналитик по кибербезопасности продуктов,https://hh.ru/vacancy/118856087,Navio (ООО Автотех),не указана,От 3 до 6 лет,Нет,0,0,0,0,0,1,0,0,0,0,0,0
Data Scientist Audio,https://hh.ru/vacancy/118715341,СБЕР,не указана,Более 6 лет,Нет,0,0,0,0,0,0,0,0,0,0,0,0
Главный специалист отдела защиты ИТ-инфраструктуры (кибербезопасность),https://hh.ru/vacancy/115125806,Трубная Металлургическая Компания,не указана,От 1 года до 3 лет,Нет,0,1,0,0,0,0,0,0,1,0,0,0
Вирусный аналитик/Malware analyst,https://hh.ru/vacancy/118966424,Positive Technologies,не указана,От 3 до 6 лет,Нет,0,0,0,0,0,0,0,0,0,0,0,0
Руководитель группы реагирования на компьютерные инциденты,https://hh.ru/vacancy/115349275,ИнфоТеКС,не указана,От 3 до 6 лет,Нет,0,0,0,0,0,0,0,0,1,0,0,0
Senior DevOps-инженер (Кибербез),https://hh.ru/vacancy/118341709,CyberOK,не указана,От 3 до 6 лет,Да,0,0,0,0,1,1,0,0,0,0,0,0
Senior SRE-инженер в команду Software Development Factory Team [МТС Web Services (MWS)],https://hh.ru/vacancy/118198640,МТС,не указана,Более 6 лет,Да,0,0,0,0,1,1,0,0,0,0,0,0
Инженер по эксплуатации СЗИ,https://hh.ru/vacancy/118331412,СберЗдоровье,не указана,От 3 до 6 лет,Нет,0,1,1,0,1,0,0,0,1,0,0,0
Финансовый контролер,https://hh.ru/vacancy/118469818,Кибердом,не указана,От 3 до 6 лет,Нет,0,0,0,0,0,1,0,0,0,0,0,0
Инженер Linux,https://hh.ru/vacancy/118078035,Агропромцифра,не указана,От 3 до 6 лет,Нет,0,1,0,0,0,0,0,0,0,0,0,0
"Преподаватель по различным языкам программирования (дети,подростки,взрослые)",https://hh.ru/vacancy/118555992,Ycla-coding,не указана,От 1 года до 3 лет,Да,0,0,0,0,0,1,0,0,0,0,0,0
Реверс-инженер,https://hh.ru/vacancy/118728245,Positive Technologies,не указана,От 3 до 6 лет,Нет,0,0,0,0,0,1,0,0,0,0,0,0
Инженер SDS,https://hh.ru/vacancy/118731546,Клауд Солюшенс,не указана,От 3 до 6 лет,Нет,0,1,1,1,1,1,0,0,0,0,0,0
Malware researcher,https://hh.ru/vacancy/118971881,Positive Technologies,не указана,От 3 до 6 лет,Нет,0,0,0,0,0,0,0,0,0,0,0,0
Специалист по информационной безопасности / специалист по кибербезопасности,https://hh.ru/vacancy/118784680,Платежное Решение,не указана,От 3 до 6 лет,Нет,0,0,0,0,0,0,0,0,0,0,0,0
Эксперт по информационной безопасности,https://hh.ru/vacancy/114978735,Домклик,не указана,От 1 года до 3 лет,Нет,0,0,0,0,0,1,1,0,0,0,0,0
Pre-sale инженер,https://hh.ru/vacancy/118591397,ГКУ Инфогород,не указана,От 3 до 6 лет,Нет,0,0,0,0,0,0,0,0,0,0,0,0
Аналитик SOC,https://hh.ru/vacancy/115552114,"РУСАЛ, Центр подбора персонала",не указана,От 3 до 6 лет,Нет,0,0,0,0,0,0,0,0,1,0,0,0
Pre-sale эксперт по информационной безопасности,https://hh.ru/vacancy/116691990,Цикада,не указана,От 3 до 6 лет,Нет,0,0,0,0,0,1,0,0,0,0,0,0
Ведущий системный программист C++,https://hh.ru/vacancy/118426796,Positive Technologies,не указана,Более 6 лет,Нет,1,1,0,0,0,0,0,0,0,0,0,0
Инженер по информационной безопасности,https://hh.ru/vacancy/112759985,Оператор Газпром ИД,не указана,От 1 года до 3 лет,Нет,0,1,0,0,0,1,0,0,0,0,0,0
Application security engineer/специалист по веб-защищенности,https://hh.ru/vacancy/118449762,Okko,не указана,От 3 до 6 лет,Да,0,0,0,0,0,1,0,1,0,0,0,0
Application Security Аналитик,https://hh.ru/vacancy/117881549,Cloud.ru,не указана,От 3 до 6 лет,Нет,0,0,0,0,0,1,0,0,0,0,0,0
Руководитель группы (Группа автоматизации и администрирования информационных систем),https://hh.ru/vacancy/118728995,Солар,не указана,От 3 до 6 лет,Да,0,1,1,0,1,0,0,0,0,0,0,0
Application Security Researcher / Reverse engineer(PT SWARM),https://hh.ru/vacancy/118979352,Positive Technologies,не указана,От 3 до 6 лет,Нет,0,1,0,0,0,1,0,0,0,0,0,0
Главный Редактор (новостной портал по кибербезопасности и ИТ),https://hh.ru/vacancy/118343806,Cyber Media,не указана,От 3 до 6 лет,Да,0,0,0,0,0,0,0,0,0,0,0,0
Архитектор сетевой безопасности,https://hh.ru/vacancy/118575282,Цикада,не указана,Более 6 лет,Нет,0,0,0,0,0,1,0,0,0,0,0,0
Senior/Lead Deep Learning NLP/LLM инженер,https://hh.ru/vacancy/118463956,Клауд Солюшенс,не указана,Более 6 лет,Нет,0,0,1,1,1,1,0,0,0,0,0,0
Инженер по безопасной разработке ПО,https://hh.ru/vacancy/117937124,2ГИС,не указана,От 3 до 6 лет,Да,0,0,0,0,0,0,0,0,0,0,0,0
Старший менеджер проектов в отдел подготовки SIM продуктов,https://hh.ru/vacancy/118754935,МТС,не указана,От 3 до 6 лет,Нет,0,0,0,0,0,0,0,0,0,0,0,0
Аналитик по расследованию компьютерных инцидентов (форензика),https://hh.ru/vacancy/116538933,Газпромнефть-Снабжение,не указана,От 1 года до 3 лет,Нет,0,1,0,0,0,0,0,0,0,0,0,0
Руководитель направления информационной безопасности,https://hh.ru/vacancy/118843564,Арнест Упаковочные Решения Наро-Фоминск,не указана,От 3 до 6 лет,Нет,0,0,0,0,0,0,0,0,0,0,0,0
Руководитель группы разработки Python/Tech Lead Python,https://hh.ru/vacancy/118042481,Платежное Решение,не указана,Более 6 лет,Нет,1,0,1,0,1,0,0,0,0,0,0,0
Специалист по организации обработки ПДн и обеспечению безопасности КИИ,https://hh.ru/vacancy/118170692,Авто Финанс Банк,не указана,От 1 года до 3 лет,Нет,0,0,0,0,0,1,0,0,0,0,0,0
Senior DevOps-инженер в команду Network(-ish) Development [МТС Web Services (MWS)],https://hh.ru/vacancy/118818620,МТС,не указана,От 3 до 6 лет,Да,0,1,0,0,0,1,0,0,0,0,0,0
Ведущий эксперт мониторинга защищенности и управления инцидентами кибербезопасности,https://hh.ru/vacancy/118258753,СИСТЭМ ЭЛЕКТРИК,не указана,От 3 до 6 лет,Нет,0,1,0,0,0,0,0,0,1,0,0,0
Ведущий консультант по информационной безопасности,https://hh.ru/vacancy/118711053,iTPROTECT,не указана,От 3 до 6 лет,Нет,0,0,0,0,0,1,0,0,0,0,0,1
Администратор баз данных (DBA),https://hh.ru/vacancy/118783053,СБЕР,не указана,От 3 до 6 лет,Нет,0,1,0,0,0,0,0,0,0,0,0,0
Инженер по сопровождению Linux (FreeIPA),https://hh.ru/vacancy/119062646,СБЕР,не указана,От 1 года до 3 лет,Нет,0,1,0,0,0,0,0,0,0,0,0,0
Эксперт по сетевой безопасности,https://hh.ru/vacancy/117680480,Русская Нержавеющая Компания,не указана,От 1 года до 3 лет,Да,0,1,0,0,0,0,0,0,0,0,0,0
Senior+/Lead Разработчик Go,https://hh.ru/vacancy/117770640,Солар,не указана,Более 6 лет,Да,1,0,1,0,1,0,0,0,0,0,0,0
Инженер АСУ ТП / Инженер систем автоматики в Бизнес-центр(м.Новокузнецкая/м.Павелецкая),https://hh.ru/vacancy/118428057,Lynks Property Management,до 105000 RUR,От 3 до 6 лет,Нет,0,0,0,0,0,1,0,0,0,0,0,0
Менеджер по работе с ключевыми заказчиками,https://hh.ru/vacancy/102705310,ГК Innostage,не указана,От 3 до 6 лет,Нет,0,0,0,0,0,0,0,0,0,0,0,0
Эксперт по информационной безопасности,https://hh.ru/vacancy/117473342,METRO Cash & Carry,не указана,От 3 до 6 лет,Нет,0,0,0,0,0,1,0,0,1,0,0,0
Инженер по информационной безопасности по направлению PAM,https://hh.ru/vacancy/117022529,iTPROTECT,не указана,От 1 года до 3 лет,Нет,0,0,0,0,0,0,0,0,0,0,0,0
Pre-sale инженер направления сетевой и инфраструктурной безопасности,https://hh.ru/vacancy/117776809,BI.ZONE,не указана,От 3 до 6 лет,Нет,0,1,1,0,0,1,0,0,0,0,0,0
Team Lead Pentester,https://hh.ru/vacancy/118714687,CyberOK,не указана,От 3 до 6 лет,Да,0,0,0,0,0,0,0,0,0,0,0,0
Пресейл-эксперт по информационной безопасности,https://hh.ru/vacancy/117022591,iTPROTECT,не указана,От 3 до 6 лет,Нет,0,0,0,0,0,0,0,0,0,0,0,0
Аналитик по информационной безопасности (группа мониторинга и реагирования на инциденты ИБ),https://hh.ru/vacancy/117134810,METRO Cash & Carry,не указана,От 3 до 6 лет,Нет,0,1,0,0,0,0,0,1,1,0,0,0
Pre-sale инженер направления облачных сервисов кибербезопасности,https://hh.ru/vacancy/117775800,BI.ZONE,не указана,От 3 до 6 лет,Нет,0,1,0,0,0,0,0,0,0,0,0,0
Ведущий системный архитектор DDoS [Кибербезопасность],https://hh.ru/vacancy/119066581,МТС,не указана,От 3 до 6 лет,Да,0,1,1,0,0,0,0,0,0,0,0,0
DevSecOps,https://hh.ru/vacancy/117881359,Rubytech,не указана,Более 6 лет,Да,0,0,1,0,1,1,0,0,0,0,0,0
Ведущий менеджер по аудиту ИТ,https://hh.ru/vacancy/118911255,билайн,не указана,От 3 до 6 лет,Нет,0,0,0,0,0,1,0,1,0,0,0,0
Руководитель по ИБ консалтингу,https://hh.ru/vacancy/118521152,Траст Технолоджиз,не указана,От 3 до 6 лет,Нет,0,0,0,0,0,0,0,0,0,0,0,0
Senior DevOps-инженер (SD-WAN&SEC),https://hh.ru/vacancy/113158681,BI.ZONE,не указана,Более 6 лет,Да,1,1,1,0,0,1,0,1,0,0,0,0
Главный инженер по кибербезопасности (Отдел розничных продуктов),https://hh.ru/vacancy/118196916,СБЕР,не указана,От 1 года до 3 лет,Нет,0,1,1,0,1,0,0,0,0,0,0,0
Архитектор 1С ТОИР,https://hh.ru/vacancy/118248933,ГК Innostage,не указана,От 3 до 6 лет,Нет,0,0,0,0,0,1,0,0,0,0,0,0
Эксперт по защите критической информационной инфраструктуры,https://hh.ru/vacancy/117438798,Шереметьево Безопасность,не указана,От 3 до 6 лет,Нет,0,0,0,0,0,1,0,0,0,0,0,0
Администратор стратегических проектов (Информационная безопасность),https://hh.ru/vacancy/117752190,Солар,не указана,От 1 года до 3 лет,Нет,0,0,0,0,0,0,0,0,0,0,0,0
Руководитель команды инфраструктурной кибербезопасности,https://hh.ru/vacancy/117938302,СберЗдоровье,не указана,От 3 до 6 лет,Нет,1,1,1,0,1,0,0,0,0,0,0,0
Главный специалист Отдела кибербезопасности и антифрод Служба информационной безопасности,https://hh.ru/vacancy/117979463,БАНК МБА-МОСКВА,не указана,От 1 года до 3 лет,Нет,0,1,0,0,0,0,0,0,0,0,0,0
Инженер по автоматизации (Киберполигон),https://hh.ru/vacancy/118729960,Солар,не указана,От 3 до 6 лет,Да,0,1,0,0,0,0,0,0,0,0,0,0
Сетевой инженер (Network security),https://hh.ru/vacancy/118472662,METRO Cash & Carry,не указана,От 3 до 6 лет,Нет,0,1,0,0,0,1,0,0,0,0,0,0
Ведущий сетевой инженер,https://hh.ru/vacancy/119010238,Инфосистемы Джет,не указана,От 3 до 6 лет,Нет,0,1,0,0,0,0,0,0,0,0,0,0
Специалист по управлению рисками ИБ,https://hh.ru/vacancy/118027671,ППК Единый заказчик,от 201205 RUR,От 3 до 6 лет,Нет,0,1,0,0,0,0,0,0,1,0,0,0
Старший бизнес-аналитик\менеджер - Информационная Безопасность,https://hh.ru/vacancy/118782066,Технологии Доверия,не указана,От 3 до 6 лет,Нет,0,0,0,0,0,1,0,0,0,1,0,0
Ведущий инженер сетевой безопасности,https://hh.ru/vacancy/118575285,Цикада,не указана,От 3 до 6 лет,Нет,0,1,0,0,0,1,0,0,0,0,0,0
Presale-инженер UC и ВКС,https://hh.ru/vacancy/118626552,intact,не указана,От 3 до 6 лет,Нет,0,0,0,0,0,0,0,0,0,0,0,0
Методолог по кибербезопасности,https://hh.ru/vacancy/118436468,СК Сбербанк страхование жизни,не указана,От 3 до 6 лет,Нет,0,0,0,0,0,0,0,0,1,0,0,0
Senior DevOps-инженер (SD-WAN),https://hh.ru/vacancy/113158988,BI.ZONE,не указана,Более 6 лет,Да,1,1,1,0,0,1,0,0,0,0,0,0
"Системный администратор (Microsoft, АВЗ Kaspersky Security Center, Cisco IOS 3)",https://hh.ru/vacancy/118244195,Правительство Москвы,не указана,От 1 года до 3 лет,Нет,0,1,0,0,0,1,0,0,0,0,0,0
Senior Data Scientist,https://hh.ru/vacancy/118775118,СБЕР,не указана,От 3 до 6 лет,Нет,0,1,0,0,0,1,0,0,0,0,0,0
Инженер PAM,https://hh.ru/vacancy/118002560,Солар,не указана,От 1 года до 3 лет,Да,0,1,0,0,0,0,0,0,0,0,0,0
Менеджер по техническому маркетингу (информационная безопасность),https://hh.ru/vacancy/96184104,СТЭП ЛОДЖИК (STEP LOGIC),не указана,От 1 года до 3 лет,Нет,0,0,0,0,0,0,0,0,0,0,0,0
Специалист по мониторингу информационной безопасности (система сбора и корреляции событий ИБ),https://hh.ru/vacancy/112435246,Главгосэкспертиза России,не указана,От 3 до 6 лет,Нет,0,0,0,0,0,1,0,0,0,0,0,0
Event-Driven Systems Engineer (CI/CD & IaC) в Центр мониторинга кибербезопасности,https://hh.ru/vacancy/118436818,ДОМ.РФ,не указана,От 1 года до 3 лет,Да,1,0,0,0,0,1,0,0,0,0,0,0
Главный аналитик группы по работе с выпускниками,https://hh.ru/vacancy/118586179,Финансовый университет при Правительстве РФ,от 105000 до 105000 RUR,От 1 года до 3 лет,Нет,0,0,0,0,0,0,0,0,0,0,0,0
Ведущий специалист по информационной безопасности,https://hh.ru/vacancy/108786199,Единая Европа-Элит и сеть магазинов СТИЛЬПАРК,не указана,От 3 до 6 лет,Нет,0,1,0,0,0,1,1,1,1,0,1,1
Web security researcher,https://hh.ru/vacancy/118979389,Positive Technologies,не указана,От 3 до 6 лет,Нет,0,0,0,0,0,1,0,0,0,0,0,0
Старший менеджер по кибербезопасности АСУ ТП,https://hh.ru/vacancy/118001741,Северсталь,не указана,От 3 до 6 лет,Нет,0,0,0,0,0,0,0,0,0,0,0,0
DevOps-инженер (BMS),https://hh.ru/vacancy/118305999,BI.ZONE,не указана,От 3 до 6 лет,Да,0,1,1,1,1,1,0,0,0,0,0,0
Системный инженер/архитектор ИТ инфраструктуры,https://hh.ru/vacancy/109733300,intact,не указана,От 3 до 6 лет,Нет,0,1,0,0,0,0,0,0,0,0,0,0
Руководитель направления по информационной безопасности,https://hh.ru/vacancy/112711989,iTPROTECT,от 200000 RUR,От 3 до 6 лет,Нет,0,0,0,0,0,0,0,0,0,0,0,0
Старший менеджер по развитию бизнеса (Cloud/security),https://hh.ru/vacancy/117362825,билайн,не указана,От 1 года до 3 лет,Нет,0,0,0,0,0,1,0,0,0,0,0,0
Старший инженер R&D,https://hh.ru/vacancy/118908902,ИнфоТеКС,не указана,От 1 года до 3 лет,Нет,0,0,0,0,0,0,0,0,1,0,0,0
Senior DevOps-инженер (PAM),https://hh.ru/vacancy/118707410,BI.ZONE,не указана,Более 6 лет,Да,0,1,0,0,1,0,0,0,0,0,0,0
Ведущий инженер по безопасности приложений (AppSec),https://hh.ru/vacancy/118891694,Х5 Group,не указана,Более 6 лет,Да,0,0,1,0,1,0,0,1,0,0,0,1
Архитектор-инженер по кибербезопасности,https://hh.ru/vacancy/118874119,АБК,не указана,От 3 до 6 лет,Нет,0,0,0,0,0,0,0,0,0,0,0,1
Инженер-эксперт сопровождения PAM,https://hh.ru/vacancy/119073837,BI.ZONE,не указана,От 3 до 6 лет,Нет,0,1,0,0,0,1,0,0,0,0,0,0
Специалист по анализу защищенности мобильных приложений (PT SWARM),https://hh.ru/vacancy/118728229,Positive Technologies,не указана,От 3 до 6 лет,Да,0,0,0,0,0,1,0,0,0,0,0,0
Support Engineer (Algo Platform),https://hh.ru/vacancy/117697194,СБЕР,не указана,Более 6 лет,Нет,0,1,0,0,0,0,0,0,0,0,0,0
