Должность,Ссылка,Компания,Зарплата,Опыт,Удаленная работа,PYTHON,TENSORFLOW,PYTORCH,SCIKIT_LEARN,PANDAS,NUMPY,MATPLOTLIB,SQL,DEEP_LEARNING,COMPUTER_VISION,NLP,MATH,GIT,DOCKER,CLOUD
Chief Data Officer,https://hh.ru/vacancy/119826788,HAAS PLATFORM,не указана,Более 6 лет,Нет,0,0,0,0,0,0,0,0,0,0,0,0,0,0,0
Программист Машинного обучения/ ML Engineer/ Математик,https://hh.ru/vacancy/119277805,Группа компаний «Триумф»,не указана,От 1 года до 3 лет,Нет,0,1,1,0,0,0,0,0,0,1,0,0,0,0,0
ML engineer,https://hh.ru/vacancy/119813378,Эйчар Рокет,не указана,От 1 года до 3 лет,Да,1,1,1,0,0,0,0,0,0,0,0,1,0,0,0
Разработчик ML,https://hh.ru/vacancy/119787194,FIX PRICE,не указана,От 1 года до 3 лет,Да,1,0,0,0,0,0,0,1,0,0,0,0,0,1,0
ML разработчик/Data scientist,https://hh.ru/vacancy/119710027,Аналитический центр при Правительстве Российской Федерации,не указана,От 1 года до 3 лет,Нет,1,0,1,1,1,1,1,0,0,0,0,0,1,0,0
ML/Data Scientist (Junior+/Middle),https://hh.ru/vacancy/118572829,Ростелеком - Центры обработки данных,не указана,От 1 года до 3 лет,Нет,1,1,0,1,1,1,1,1,0,0,1,0,0,0,0
Python-разработчик (Направление ML),https://hh.ru/vacancy/118979581,Платформа Трим,не указана,От 1 года до 3 лет,Нет,1,0,0,0,0,0,0,1,0,0,0,0,0,1,0
Data Analyst (Junior),https://hh.ru/vacancy/119250574,Штумпф,от 70000 RUR,Нет опыта,Да,1,0,0,0,0,0,0,1,0,0,0,0,0,0,0
"Middle/Middle+ Java developer (Ecom, fintech)",https://hh.ru/vacancy/118701272,Any,не указана,От 3 до 6 лет,Да,0,0,0,0,0,0,0,1,0,0,0,0,0,1,0
Системный аналитик (Видеоаналитика),https://hh.ru/vacancy/119643817,Сбер Бизнес Софт,не указана,От 1 года до 3 лет,Да,0,0,0,0,0,0,0,1,0,0,0,0,0,0,0
Директор по маркетингу,https://hh.ru/vacancy/119416322,Private HR agency,от 400000 до 650000 RUR,От 3 до 6 лет,Да,0,0,0,0,0,0,0,0,0,0,0,0,0,0,0
Junior ML Engineer / Data Scientist,https://hh.ru/vacancy/119495959,Digitus Solutions,от 120000 до 200000 RUR,От 1 года до 3 лет,Да,1,0,0,1,0,0,0,0,0,0,0,0,1,1,0
"Junior NLP, LLM Data Scientist (блок ""В2С"")",https://hh.ru/vacancy/119609618,СБЕР,не указана,Нет опыта,Нет,1,1,0,1,1,1,1,1,1,0,1,0,0,0,0
Senior Data Scientist,https://hh.ru/vacancy/119751375,Джи Эф Си,не указана,От 3 до 6 лет,Да,1,0,0,1,1,1,0,1,0,0,0,0,0,0,0
Стажер computer vision (задачи быстрой детекции и сегментации),https://hh.ru/vacancy/119122592,MindSet,не указана,Нет опыта,Да,1,0,0,0,0,0,0,0,0,1,0,1,1,1,0
ML-engineer (NLP),https://hh.ru/vacancy/119698473,ГНИВЦ,не указана,От 1 года до 3 лет,Да,1,0,1,1,1,1,1,1,0,0,1,0,1,1,0
Стажер / Разработка ПО машинного обучения / Yadro Импульс,https://hh.ru/vacancy/119732093,Changellenge,не указана,Нет опыта,Нет,1,1,1,0,0,0,0,1,0,1,0,0,1,1,0
NLP Researcher,https://hh.ru/vacancy/119837578,Криптонит,не указана,От 1 года до 3 лет,Нет,1,1,1,0,0,0,0,0,0,1,1,0,1,1,0
Data Scientist,https://hh.ru/vacancy/119749370,Точка,до 510000 RUR,От 3 до 6 лет,Да,1,0,1,0,0,0,0,1,0,1,1,0,1,0,0
Junior+ ML-инженер,https://hh.ru/vacancy/119771949,СОГАЗ,не указана,От 1 года до 3 лет,Нет,1,0,0,1,1,1,0,1,0,0,0,0,0,1,0
Менеджер проектов по искусственному интеллекту в сфере кредитования,https://hh.ru/vacancy/119301598,СБЕР,не указана,Нет опыта,Нет,1,0,0,0,1,1,0,1,1,0,1,0,0,1,0
Менеджер проектов,https://hh.ru/vacancy/119337160,DCS,не указана,От 3 до 6 лет,Да,0,0,0,0,0,0,0,0,0,1,0,0,0,0,0
Python-разработчик (ML/CV),https://hh.ru/vacancy/119587590,ГБУ МО УТНКР,от 120000 RUR,От 1 года до 3 лет,Нет,1,1,1,1,1,1,0,1,0,1,0,0,1,1,0
Руководитель проектов (Генеративный ИИ),https://hh.ru/vacancy/119722954,Nordgold,не указана,Более 6 лет,Нет,0,0,0,0,0,0,0,1,0,0,1,0,0,0,0
Исследователь в области ИИ и робототехники,https://hh.ru/vacancy/119547232,Образовательный проект №1,не указана,Нет опыта,Нет,1,0,1,0,0,0,0,0,0,1,0,0,1,0,0
Data Engineer | Инженер данных,https://hh.ru/vacancy/119227360,Операционное совершенство,не указана,От 1 года до 3 лет,Нет,1,0,0,0,0,0,0,1,0,0,0,0,0,0,0
Стажер ML (Sber AI Lab),https://hh.ru/vacancy/118956005,СБЕР,не указана,Нет опыта,Нет,0,0,0,0,0,0,0,0,0,0,0,0,0,0,0
Data Scientist (Прогнозирование спроса и ДЦО Ритейл),https://hh.ru/vacancy/119785739,Сбер Бизнес Софт,не указана,От 1 года до 3 лет,Нет,1,0,0,1,1,1,0,1,0,0,0,0,0,0,0
Руководитель направления реализации стратегических программ,https://hh.ru/vacancy/119537034,Крупный российский банк,не указана,Более 6 лет,Нет,1,0,0,0,0,0,0,1,0,0,1,0,0,0,0
Junior+ ML-аналитик,https://hh.ru/vacancy/119770582,СОГАЗ,не указана,От 1 года до 3 лет,Нет,1,0,0,1,1,1,0,1,0,0,0,0,0,0,0
Middle ML Engineer [DSP],https://hh.ru/vacancy/119745427,МТС,не указана,От 1 года до 3 лет,Да,1,0,0,0,0,0,0,1,0,0,0,0,1,1,0
Data Scientist Junior+/Middle,https://hh.ru/vacancy/118799422,Рекрутинговое агентство The One,от 150000 до 200000 RUR,От 1 года до 3 лет,Да,1,0,0,0,0,0,0,0,1,1,0,0,1,0,0
Junior ML Engineer / Data scientist (Младший специалист МО),https://hh.ru/vacancy/119382231,Инфосистемы Джет,не указана,От 1 года до 3 лет,Да,1,0,0,1,0,0,0,0,0,0,0,0,1,1,0
Лидер проектного управления (PMO Lead) Института ИИ МФТИ,https://hh.ru/vacancy/119598745,Стартап Лаборатория,не указана,Более 6 лет,Нет,0,0,0,0,0,0,0,0,0,0,0,0,0,0,0
Python-разработчик,https://hh.ru/vacancy/119104415,Группа ЭНЭЛТ,не указана,От 1 года до 3 лет,Нет,1,0,1,1,1,0,0,1,0,0,0,0,1,1,0
Quantitative Researcher,https://hh.ru/vacancy/119637198,Дубайт,не указана,От 1 года до 3 лет,Нет,1,0,0,0,1,0,0,0,0,0,0,0,0,0,0
Инженер по машинному обучению,https://hh.ru/vacancy/119593510,JSA Group,не указана,От 3 до 6 лет,Да,1,1,1,0,0,0,0,0,1,1,1,1,0,1,0
Аналитик Senior/ Team lead,https://hh.ru/vacancy/119834692,metaLead,не указана,От 3 до 6 лет,Нет,1,0,0,0,1,1,1,1,0,0,0,0,0,1,1
Junior ML-инженер,https://hh.ru/vacancy/118593037,Правительство Москвы,не указана,От 1 года до 3 лет,Нет,1,1,1,0,1,1,0,1,0,0,0,0,1,1,0
Product manager,https://hh.ru/vacancy/109468300,ВижнЛабс (VisionLabs),от 250000 RUR,От 3 до 6 лет,Нет,0,0,0,0,0,0,0,0,0,1,0,0,0,0,0
Team Lead (ML),https://hh.ru/vacancy/118835124,Центральный банк Российской Федерации (Банк России),не указана,От 3 до 6 лет,Нет,1,0,1,0,0,0,1,0,0,1,0,0,1,0,0
Python Developer AI,https://hh.ru/vacancy/117326410,Альфа-Банк,не указана,От 3 до 6 лет,Нет,1,1,0,1,1,1,0,1,0,0,0,0,1,1,0
Методист / Разработчик образовательного курса по ИИ,https://hh.ru/vacancy/119560784,Айсмарт,от 120000 RUR,От 3 до 6 лет,Да,0,0,0,0,0,0,0,0,0,0,1,0,0,0,0
Ассистент менеджера по сбору данных,https://hh.ru/vacancy/119826431,Data Light,от 50000 до 70000 RUR,Нет опыта,Нет,0,0,0,0,0,0,0,0,0,0,0,0,0,0,0
Computer Vision Engineer (Junior/Middle),https://hh.ru/vacancy/119113401,Форк ИТ,не указана,От 1 года до 3 лет,Да,1,1,1,0,1,1,0,0,1,1,0,0,1,1,0
Data Scientist,https://hh.ru/vacancy/117483603,YADRO,не указана,От 3 до 6 лет,Да,1,0,1,1,1,0,0,0,0,0,0,0,0,0,0
Инженер по программированию БПЛА (C++),https://hh.ru/vacancy/119080952,АЙТИ КА,до 280000 RUR,От 3 до 6 лет,Да,1,0,0,0,0,0,0,0,1,0,0,1,1,1,0
"Стажер (роботизация, RPA)",https://hh.ru/vacancy/118782075,BeringPro,не указана,Нет опыта,Нет,1,1,0,1,0,0,0,1,1,1,1,0,0,0,0
Аналитик данных (Контроль качества ПВЗ),https://hh.ru/vacancy/119040826,WILDBERRIES,не указана,От 1 года до 3 лет,Нет,1,0,0,0,1,0,0,1,0,1,0,0,0,0,0
Data Scientist (AI Stylist),https://hh.ru/vacancy/119556787,Lamoda Tech,не указана,От 3 до 6 лет,Нет,1,0,1,0,0,0,0,1,1,1,1,0,0,1,0
"Junior Data Scientist (NLP, LLM)",https://hh.ru/vacancy/119404172,СБЕР,не указана,От 1 года до 3 лет,Нет,1,0,0,0,0,0,0,1,0,0,1,0,0,0,0
ML Researcher,https://hh.ru/vacancy/117443140,Спектральные Технологии,не указана,От 3 до 6 лет,Нет,1,0,0,0,0,0,0,0,0,0,0,0,0,0,0
Data Scientist,https://hh.ru/vacancy/117232071,Data-Driven Lab,не указана,От 1 года до 3 лет,Да,1,0,1,0,1,1,0,1,0,0,0,0,0,0,0
Старший Data Scientist в команду поискового ранжирования,https://hh.ru/vacancy/119729978,АВИТО ТЕХ,не указана,От 1 года до 3 лет,Нет,1,0,1,0,1,0,0,0,0,0,1,0,0,0,0
"Data Scientist, Платформа чат-ботов",https://hh.ru/vacancy/119723509,Ozon,не указана,От 3 до 6 лет,Нет,1,0,1,0,0,0,0,1,0,0,1,0,1,1,0
Data Analyst (команда Intelligent Search),https://hh.ru/vacancy/118136611,СБЕР,не указана,От 3 до 6 лет,Нет,1,0,0,0,1,1,0,1,0,0,0,0,1,0,0
Руководитель core-команды рекомендательной платформы (Technical Leader),https://hh.ru/vacancy/119787866,VK,не указана,Более 6 лет,Да,0,0,0,0,0,0,0,0,0,0,0,0,1,0,0
Computer Vision Engineer (БПЛА),https://hh.ru/vacancy/119547464,АЙТИ КА,до 180000 RUR,От 3 до 6 лет,Да,1,0,1,0,0,0,0,0,0,1,0,1,0,0,0
Менеджер по продажам IT проектов,https://hh.ru/vacancy/98909375,Астор,от 80000 до 250000 RUR,От 1 года до 3 лет,Да,0,0,0,0,0,0,0,0,0,0,0,0,0,0,0
"Junior Data Scientist в команду ""Разработка AI-решений БСР""",https://hh.ru/vacancy/119609635,СБЕР,не указана,От 1 года до 3 лет,Да,1,1,1,1,1,1,1,1,1,0,1,0,0,0,0
Стажер Data scientist (Проекты внедрения технологий ИИ),https://hh.ru/vacancy/119677838,СБЕР,не указана,От 1 года до 3 лет,Нет,0,1,1,0,0,0,0,0,0,1,0,0,0,0,0
AI Product Manager [XOps Copilots],https://hh.ru/vacancy/119071061,МТС,не указана,От 3 до 6 лет,Нет,0,0,0,0,0,0,0,0,0,0,0,0,0,0,0
Junior python developer (Backend/Full Stack),https://hh.ru/vacancy/117573920,СберПраво,не указана,От 1 года до 3 лет,Нет,1,0,0,0,0,0,0,1,0,0,0,0,1,1,0
Менеджер продуктов B2B / Product manager,https://hh.ru/vacancy/117492389,МТС,не указана,От 3 до 6 лет,Нет,0,0,0,0,0,0,0,0,0,0,0,0,0,0,0
ИТ-Лидер команды (Tech Lead/Team Lead),https://hh.ru/vacancy/119211481,Т1,не указана,От 3 до 6 лет,Да,0,0,0,0,0,0,0,0,0,1,1,0,0,0,1
Антифрод-аналитик,https://hh.ru/vacancy/119733329,МФК Займер,не указана,От 1 года до 3 лет,Да,1,0,0,1,1,0,0,1,0,0,0,1,0,0,0
Лидер AI трансформации контента,https://hh.ru/vacancy/119669025,СБЕР,не указана,От 3 до 6 лет,Нет,0,0,0,0,0,0,0,0,0,0,0,0,0,0,0
Senior-Middle ML Python разработчик в стартап,https://hh.ru/vacancy/119562099,DIMITRENKO,от 300000 RUR,От 3 до 6 лет,Да,1,0,1,0,1,0,0,0,0,0,0,0,0,0,0
Senior Продуктовый аналитик,https://hh.ru/vacancy/118511005,Точка,до 550000 RUR,От 3 до 6 лет,Нет,1,0,0,0,0,0,0,1,0,0,0,0,0,0,0
Data Scientist (Middle),https://hh.ru/vacancy/119647385,Лаборатория Касперского,не указана,От 3 до 6 лет,Нет,1,0,0,1,0,0,0,0,0,0,0,0,0,1,0
Аналитик данных (Data Science),https://hh.ru/vacancy/119601615,ПИК-специализированный застройщик,не указана,От 3 до 6 лет,Да,1,1,1,1,1,1,1,1,0,0,1,0,1,0,0
Разработчик C++ (проект Поиск),https://hh.ru/vacancy/118615619,СБЕР,не указана,От 3 до 6 лет,Нет,0,0,0,0,0,0,0,0,0,0,0,0,0,0,0
"Team Lead (Домен ИИ, предиктивная аналитика)",https://hh.ru/vacancy/118699524,Т1,не указана,От 3 до 6 лет,Нет,0,0,0,0,0,0,0,0,0,1,1,0,0,0,1
Python developer,https://hh.ru/vacancy/119082188,СБЕР,не указана,От 1 года до 3 лет,Нет,1,0,0,0,1,1,1,1,0,0,0,0,0,0,0
Data Scientist (Ml Платформа),https://hh.ru/vacancy/119578529,X5 Digital,не указана,От 3 до 6 лет,Нет,1,0,1,0,1,0,0,1,0,0,1,1,0,0,0
Data Scientist/ML Engineer,https://hh.ru/vacancy/117487440,X5 Digital,не указана,От 3 до 6 лет,Нет,0,0,1,0,1,0,0,1,0,0,0,1,0,0,0
Разработчик Python (ML),https://hh.ru/vacancy/118718432,Эйч-Эль-Эль,не указана,От 1 года до 3 лет,Да,1,0,0,0,0,0,0,0,0,0,0,0,1,0,0
Стажер в аналитический департамент ВТБ Юниор,https://hh.ru/vacancy/118706797,Банк ВТБ (ПАО),от 75000 до 75000 RUR,Нет опыта,Нет,1,0,0,0,0,0,0,1,1,0,0,0,0,0,0
Аналитик/Системный аналитик,https://hh.ru/vacancy/118917570,МТ-ЛАБ,не указана,От 1 года до 3 лет,Нет,0,0,0,0,0,0,0,1,0,0,0,0,1,0,0
Менеджер исследовательских проектов (Лаборатория искусственного интеллекта),https://hh.ru/vacancy/119634575,СБЕР,не указана,Более 6 лет,Нет,1,0,0,0,0,0,0,0,0,0,0,0,1,0,0
Архитектор по автоматизации бизнес-процессов с ИИ,https://hh.ru/vacancy/119127099,Атлас,до 350000 RUR,Более 6 лет,Нет,1,1,1,1,0,0,0,0,0,0,0,0,0,0,0
"Data Scientist (NLP), middle",https://hh.ru/vacancy/119432863,Литрес,не указана,От 1 года до 3 лет,Да,1,1,1,1,1,1,0,1,1,0,1,0,1,0,0
IT-рекрутер (ML),https://hh.ru/vacancy/116590015,Яндекс,не указана,От 1 года до 3 лет,Нет,0,0,0,0,0,0,0,0,0,1,0,0,0,0,0
Data Analyst DataCX,https://hh.ru/vacancy/119274551,СБЕР,не указана,От 3 до 6 лет,Нет,1,0,0,0,0,0,0,1,0,0,0,0,0,0,0
Исследователь-психометрист (Лаборатория нейронаук и поведения человека),https://hh.ru/vacancy/118550645,СБЕР,не указана,От 3 до 6 лет,Нет,1,0,0,0,0,0,0,1,0,0,0,0,0,0,0
Руководитель проектов по внедрению ИИ,https://hh.ru/vacancy/119273147,Совкомбанк,не указана,От 3 до 6 лет,Нет,1,1,1,0,0,0,0,1,0,0,1,0,0,0,0
Аналитик по финансовым рынкам,https://hh.ru/vacancy/119197786,СБЕР,не указана,От 1 года до 3 лет,Нет,1,0,0,0,0,0,0,0,0,0,0,0,0,0,0
Руководитель направления инвестиционной аналитики,https://hh.ru/vacancy/119327786,НПФ Будущее,не указана,От 1 года до 3 лет,Нет,1,0,0,0,0,0,0,1,0,0,0,0,0,0,0
Python developer (middle+),https://hh.ru/vacancy/117105423,СберПраво,не указана,От 3 до 6 лет,Нет,1,0,0,0,0,0,0,1,0,1,1,0,0,1,0
Head of AI / ML,https://hh.ru/vacancy/119561792,Островок,не указана,Более 6 лет,Да,0,0,0,0,0,0,0,0,0,0,0,0,0,0,0
AI разработчик,https://hh.ru/vacancy/119180340,AERODISK,не указана,От 1 года до 3 лет,Нет,1,1,1,0,0,0,0,0,0,0,0,0,0,0,0
MLOps,https://hh.ru/vacancy/119780973,АНО ЦИСМ,не указана,От 3 до 6 лет,Нет,0,0,0,0,0,0,0,0,0,0,0,0,1,1,0
ML Инженер в тестировании,https://hh.ru/vacancy/119680162,РСХБ-Интех,не указана,От 3 до 6 лет,Да,1,0,1,1,1,1,0,1,0,0,0,0,0,1,0
"Data Scientist, Anti-Fraud, Ozon Bank",https://hh.ru/vacancy/117537901,Ozon,не указана,От 1 года до 3 лет,Нет,1,0,0,0,0,0,0,1,0,0,0,0,0,0,0
Partner manager (IT),https://hh.ru/vacancy/119325946,SberTech,не указана,От 3 до 6 лет,Нет,0,0,0,0,0,0,0,0,0,0,0,0,0,0,0
ML-инженер (Computer Vision),https://hh.ru/vacancy/115411980,Spice IT,не указана,От 3 до 6 лет,Нет,1,1,0,1,1,1,0,0,0,1,0,0,0,0,0
Quantitative Researcher,https://hh.ru/vacancy/119379053,Финтех,не указана,От 3 до 6 лет,Да,1,1,1,1,1,1,0,0,1,0,0,0,0,0,0
Middle DevOps-Engineer (ML-инфраструктура),https://hh.ru/vacancy/118760072,КИТТ,не указана,От 1 года до 3 лет,Да,1,0,0,0,0,0,0,0,0,0,0,0,1,1,0
Аналитик данных,https://hh.ru/vacancy/119433127,Автомакон,от 150000 до 250000 RUR,От 3 до 6 лет,Да,1,0,0,0,1,1,0,1,0,0,0,0,1,0,0
Python ML engineer,https://hh.ru/vacancy/119583372,Aston,не указана,От 1 года до 3 лет,Нет,1,1,1,1,1,1,0,0,0,0,1,0,0,0,0
"Java разработчик, Поисковая платформа",https://hh.ru/vacancy/117835206,Ozon,не указана,От 3 до 6 лет,Да,0,0,0,0,0,0,0,1,0,0,0,0,0,0,0
Lead Data Analyst (Analytics Team),https://hh.ru/vacancy/119385107,"МАГНИТ, Розничная сеть",не указана,От 3 до 6 лет,Да,1,0,0,0,0,0,0,1,0,0,0,0,0,0,0
Computer Vision Engineer,https://hh.ru/vacancy/118980309,WILDBERRIES,не указана,От 3 до 6 лет,Нет,1,0,0,0,0,0,0,0,0,1,1,0,0,1,0
"Data Scientist, Оптимизация коммуникаций",https://hh.ru/vacancy/115399559,Ozon,не указана,От 1 года до 3 лет,Да,1,0,0,0,0,0,0,0,1,0,0,0,0,0,0
Product Owner ML/AI,https://hh.ru/vacancy/118916132,RDP.RU,не указана,От 3 до 6 лет,Да,0,0,0,0,0,0,0,0,0,0,0,0,0,0,0
Data Analyst / BI (Специалист по аналитике данных и бизнес-интеллекту),https://hh.ru/vacancy/119393646,Гибрид,от 200000 до 250000 RUR,От 3 до 6 лет,Да,1,0,0,0,1,1,1,1,0,0,0,0,0,0,1
ML-инженер,https://hh.ru/vacancy/118458994,РОВИ Факторинг Плюс,не указана,Нет опыта,Нет,1,0,0,0,1,1,0,1,0,1,0,0,0,0,0
Senior Data Engineer,https://hh.ru/vacancy/119804858,VK,не указана,От 3 до 6 лет,Да,1,0,0,0,0,0,0,0,0,0,0,0,0,0,0
AI Team Lead / Руководитель группы ИИ разработки,https://hh.ru/vacancy/119280274,ALP GROUP,не указана,От 3 до 6 лет,Да,0,0,0,0,0,0,0,0,0,0,0,0,0,0,0
Специалист по нейросетям,https://hh.ru/vacancy/118512939,BORK,не указана,От 1 года до 3 лет,Нет,1,1,1,1,1,1,0,0,1,1,1,1,1,1,1
Middle Data Scientist,https://hh.ru/vacancy/119216199,Комус,не указана,От 1 года до 3 лет,Да,1,0,0,1,1,1,1,1,1,0,0,0,0,1,0
Data Scientist (Classic ML/NLP),https://hh.ru/vacancy/118310517,Компания БКС,не указана,От 3 до 6 лет,Да,1,0,0,1,1,1,1,1,0,0,1,0,1,1,0
Дата-инженер,https://hh.ru/vacancy/119034857,IBS,не указана,От 1 года до 3 лет,Нет,1,0,0,0,0,0,0,1,0,0,0,0,1,1,0
Computer Vision Researcher,https://hh.ru/vacancy/117112545,Tevian (ООО Технологии видеоанализа),не указана,От 1 года до 3 лет,Да,1,0,0,0,0,0,0,0,0,1,0,0,1,0,0
Аналитик данных (дата-сайентист),https://hh.ru/vacancy/119190829,Банк ПСБ,не указана,От 1 года до 3 лет,Нет,1,0,1,1,1,1,1,1,0,1,1,0,0,0,0
Data Scientist (Pricing),https://hh.ru/vacancy/118125206,Lamoda Tech,не указана,От 1 года до 3 лет,Нет,1,0,1,1,0,0,0,1,0,0,0,0,0,1,0
Team Lead (Домен ИИ модельные сервисы),https://hh.ru/vacancy/118705524,Т1,не указана,От 3 до 6 лет,Нет,0,0,0,0,0,0,0,0,0,1,1,0,0,0,1
"Senior Java Engineer (algorithms, optimization)",https://hh.ru/vacancy/118691435,BrainShells,от 5000 USD,Более 6 лет,Да,0,0,0,0,0,0,0,0,0,0,0,1,0,0,0
Ведущий менеджер по продажам IT проектов,https://hh.ru/vacancy/119534334,Астор,от 120000 до 250000 RUR,От 3 до 6 лет,Да,0,0,0,0,0,0,0,0,0,0,0,0,0,0,0
DevOps-инженер в Лабораторию AI,https://hh.ru/vacancy/118471651,Первый Бит,не указана,От 3 до 6 лет,Да,1,0,0,0,0,0,0,0,0,0,0,0,1,1,0
Инженер по внедрению AI и разработке чат-ботов,https://hh.ru/vacancy/118113030,Datanomica,не указана,От 3 до 6 лет,Нет,1,0,0,0,0,0,0,0,0,0,1,0,0,0,0
Project manager по СХ стратегии,https://hh.ru/vacancy/119539556,Альфа-Банк,не указана,От 1 года до 3 лет,Нет,0,0,0,0,0,0,0,0,0,0,0,0,0,0,0
TeamLead computer vision/machine learning,https://hh.ru/vacancy/119701320,Инфотек,не указана,От 3 до 6 лет,Да,1,0,0,0,0,0,0,0,0,1,0,0,1,1,0
Product manager (AI помощник),https://hh.ru/vacancy/117091883,Циан,не указана,От 3 до 6 лет,Нет,0,0,0,0,0,0,0,0,1,0,0,0,0,0,0
Аналитик ML-моделей,https://hh.ru/vacancy/118823941,ЛАНИТ,не указана,От 1 года до 3 лет,Нет,0,0,0,0,0,0,0,0,0,0,0,0,0,0,0
ML Engineer/Data Science,https://hh.ru/vacancy/119378723,Social Media Holding,до 350000 RUR,От 3 до 6 лет,Да,1,1,1,1,1,1,0,1,0,0,0,0,0,1,0
Middle ML-инженер (RuBackup),https://hh.ru/vacancy/116743646,Группа компаний Астра,не указана,От 1 года до 3 лет,Да,1,0,0,0,1,0,0,1,0,0,0,0,0,0,0
"AI-разработчик / Ведущий специалист по искусственному интеллекту (МФО, МКК)",https://hh.ru/vacancy/119030519,Целевые Финансы,от 300000 RUR,От 3 до 6 лет,Нет,1,0,0,0,0,0,0,1,0,0,0,0,0,1,0
ML Lead (NLP),https://hh.ru/vacancy/119301331,HR Prime,от 5000 до 10000 EUR,От 3 до 6 лет,Да,0,0,0,0,0,0,0,0,0,0,1,0,0,0,0
Project manager в команду CRM-маркетинга,https://hh.ru/vacancy/109145593,ANCOR,не указана,От 3 до 6 лет,Нет,0,0,0,0,0,0,0,0,0,0,0,0,0,0,0
ML Engineer (Code Assistant ML RnD),https://hh.ru/vacancy/119505654,Яндекс,не указана,От 1 года до 3 лет,Нет,1,0,0,0,0,0,0,0,0,0,0,0,0,0,0
ML-инженер в Центр технологий искусственного интеллекта,https://hh.ru/vacancy/119292610,Т-Банк,не указана,От 3 до 6 лет,Нет,1,1,1,0,0,0,0,0,0,1,1,0,1,1,0
NLP Engineer (Data Science),https://hh.ru/vacancy/118720383,Cloud.ru,не указана,От 1 года до 3 лет,Нет,0,0,1,0,0,0,0,0,0,0,1,0,0,1,0
ML-инженер,https://hh.ru/vacancy/119237741,Московская Биржа,не указана,От 1 года до 3 лет,Да,1,1,1,0,1,1,1,1,0,0,0,0,1,1,0
Аналитик данных (Data scientist/дата-инженер),https://hh.ru/vacancy/119318572,РТ-Информационная безопасность,не указана,От 1 года до 3 лет,Нет,1,1,1,1,1,0,0,1,0,0,0,0,0,0,0
Data Scientist (Малый и Микро Бизнес),https://hh.ru/vacancy/119086967,СБЕР,не указана,От 1 года до 3 лет,Нет,1,0,0,1,1,1,1,1,0,0,1,0,1,0,0
Product Owner (ИИ в продажах),https://hh.ru/vacancy/119387095,Совкомбанк,не указана,От 3 до 6 лет,Нет,1,1,1,0,0,0,0,1,0,0,1,0,0,0,0
Data Engineer (Middle+/ Senior),https://hh.ru/vacancy/119230250,Софтмус,от 280000 RUR,От 3 до 6 лет,Да,1,0,0,0,0,0,0,0,0,0,0,0,0,0,0
Архитектор AI/ML,https://hh.ru/vacancy/117742620,Правительство Москвы,не указана,От 3 до 6 лет,Нет,0,0,0,0,0,0,0,0,0,0,0,0,0,0,0
Middle MLOps Engineer (Recommendation Systems),https://hh.ru/vacancy/119755369,WILDBERRIES,не указана,От 3 до 6 лет,Нет,1,0,1,0,0,0,0,0,0,0,0,0,1,1,0
ML Engineer / Researcher,https://hh.ru/vacancy/118123778,ГИРУС,не указана,От 3 до 6 лет,Нет,1,0,1,0,0,0,0,0,0,0,0,0,0,1,0
Руководитель направления аналитики (расчет эффектов),https://hh.ru/vacancy/119348929,"МАГНИТ, Розничная сеть",не указана,От 3 до 6 лет,Да,1,0,0,0,0,0,0,1,0,0,0,0,0,0,0
Product-менеджер образовательных программ по ML и AI,https://hh.ru/vacancy/119272604,MLinside,от 60000 до 150000 RUR,От 3 до 6 лет,Да,0,0,0,0,0,0,0,0,0,0,0,0,0,0,0
Проджект-менеджер / Системный-аналитик в ИТ-продукт,https://hh.ru/vacancy/118985561,БСТ Менеджмент-Консалтинг,от 40000 RUR,Нет опыта,Да,0,0,0,0,0,0,0,0,0,0,0,0,0,0,0
Data Scientist Senior,https://hh.ru/vacancy/119708387,Outlines Technologies,не указана,От 3 до 6 лет,Да,1,0,0,0,0,0,0,1,0,0,0,0,0,0,0
ML инженер/Machine Learning engineer (Python),https://hh.ru/vacancy/117673247,Международная медиагруппа Россия сегодня (МИА Россия сегодня),не указана,От 3 до 6 лет,Нет,1,0,1,1,0,0,0,0,0,0,1,0,0,0,0
DS / ML Инженер,https://hh.ru/vacancy/119602072,СБЕР,не указана,От 3 до 6 лет,Нет,1,1,0,0,1,1,0,1,1,0,1,0,0,0,0
Аналитик данных,https://hh.ru/vacancy/118858573,Selecty,не указана,От 3 до 6 лет,Да,1,0,0,0,1,0,0,1,0,0,0,0,1,0,0
Data Scientist в команду персонализации,https://hh.ru/vacancy/112316977,Газпромбанк,не указана,От 1 года до 3 лет,Нет,1,1,1,0,0,0,0,1,0,0,0,0,0,0,0
Академический руководитель индустриальных исследовательских проектов и практик в ШАД,https://hh.ru/vacancy/118959398,Яндекс,не указана,Более 6 лет,Нет,0,0,0,0,0,0,0,0,0,0,0,0,0,0,0
"Старший специалист МО (ML Engineer / Data Scientist, видеоаналитика, CV)",https://hh.ru/vacancy/119380703,Инфосистемы Джет,не указана,От 3 до 6 лет,Нет,1,1,0,1,0,0,0,0,0,1,1,0,1,1,0
ML-инженер,https://hh.ru/vacancy/119383740,Научно-Производственное Объединение Интеллектуальные Технические Системы,от 217000 RUR,От 3 до 6 лет,Нет,1,1,1,0,0,0,0,0,0,1,0,0,0,0,0
Архитектор AI / ML,https://hh.ru/vacancy/118471563,Первый Бит,не указана,Более 6 лет,Да,0,1,1,0,0,0,0,0,0,1,1,0,0,1,0
Senior Python developer (Machine Learning),https://hh.ru/vacancy/119650833,X5 Digital,не указана,От 3 до 6 лет,Нет,1,0,0,0,0,0,0,1,0,0,0,0,0,0,0
Team Lead CV / ML,https://hh.ru/vacancy/118893564,БОЗОН,не указана,Более 6 лет,Нет,0,0,0,0,0,0,0,0,0,0,0,0,0,0,0
Risk Data Scientist в Compliance,https://hh.ru/vacancy/119523387,Т-Банк,не указана,От 1 года до 3 лет,Нет,1,0,0,1,1,0,0,1,0,0,0,0,0,0,0
ML-разработчик (генеративные модели 3D),https://hh.ru/vacancy/118305216,ПИК-специализированный застройщик,не указана,От 1 года до 3 лет,Нет,1,0,1,0,0,0,0,0,1,0,0,0,0,0,0
Ведущий менеджер продукта ( Data Platform и ML ),https://hh.ru/vacancy/119381828,БЮРО 1440,не указана,От 3 до 6 лет,Да,1,0,0,0,0,0,0,1,0,0,0,0,0,0,0
"ИТ Lead по направлениям AI, RPА, PM, ML",https://hh.ru/vacancy/118729512,ЛУКОЙЛ,не указана,Более 6 лет,Нет,1,0,0,0,0,0,0,0,0,0,1,0,0,0,0
Директор по разработке и машинному обучению,https://hh.ru/vacancy/119010102,Крупная ИТ-компания,не указана,Более 6 лет,Нет,0,0,0,0,0,0,0,0,0,0,0,0,0,0,0
Data Scientist в VK Predict,https://hh.ru/vacancy/119650261,VK,не указана,Более 6 лет,Нет,1,0,0,1,1,1,0,1,0,0,0,0,0,0,0
Data Engineer (middle),https://hh.ru/vacancy/119238979,Marfatech,не указана,От 3 до 6 лет,Да,0,0,0,0,0,0,0,0,0,0,0,0,0,0,0
Data Scientist,https://hh.ru/vacancy/119321091,ВсеИнструменты.ру,от 200000 RUR,От 3 до 6 лет,Нет,1,0,0,0,0,0,0,0,0,0,0,0,0,0,0
Менеджер продуктов Data/ML,https://hh.ru/vacancy/118861594,Selectel,не указана,Более 6 лет,Нет,0,0,0,0,0,0,0,0,0,0,0,0,0,0,0
ML-инженер,https://hh.ru/vacancy/117558803,Бидзаар,не указана,От 3 до 6 лет,Да,1,1,1,1,1,1,0,1,0,0,1,0,1,1,0
Методолог бизнес-процессов / ИТ архитектор решений,https://hh.ru/vacancy/118729027,ЛУКОЙЛ,не указана,От 3 до 6 лет,Нет,1,0,0,0,0,0,0,1,0,0,0,0,0,0,0
Data Scientist в антифрод Рекламы,https://hh.ru/vacancy/118982720,Яндекс,не указана,От 3 до 6 лет,Нет,1,0,0,0,0,0,0,1,1,0,0,0,0,0,0
Data Scientist (Recsys),https://hh.ru/vacancy/118457659,Московская Биржа,не указана,От 3 до 6 лет,Да,1,1,1,1,1,1,1,1,0,0,0,0,0,0,0
Middle/Senior Data Scientist,https://hh.ru/vacancy/118643621,WILDBERRIES,не указана,От 3 до 6 лет,Да,1,1,1,1,1,1,0,0,1,1,1,0,1,1,0
Data Scientist (Senior),https://hh.ru/vacancy/118806349,Вкусно — и точка,не указана,От 3 до 6 лет,Нет,1,0,0,1,1,1,0,1,0,0,0,0,1,0,0
Аналитик данных (СберТранспорт),https://hh.ru/vacancy/119322267,СБЕР,не указана,От 3 до 6 лет,Нет,1,0,0,1,1,0,0,1,0,0,0,0,0,0,0
Senior Data Scientist,https://hh.ru/vacancy/118775118,СБЕР,не указана,От 3 до 6 лет,Нет,1,0,1,1,1,1,0,1,0,1,0,0,1,0,0
Аналитик данных,https://hh.ru/vacancy/118747121,Раппорто,не указана,От 3 до 6 лет,Да,1,0,0,1,1,1,0,1,0,0,0,0,0,0,0
Аналитик антифрода в Яндекс ID,https://hh.ru/vacancy/118085475,Яндекс,не указана,От 3 до 6 лет,Нет,1,0,0,0,0,0,0,1,0,0,0,0,0,0,0
Middle/Senior Data Analyst / F&R,https://hh.ru/vacancy/119242857,"МАГНИТ, Розничная сеть",не указана,От 3 до 6 лет,Да,1,0,0,0,0,0,0,1,0,0,0,0,0,0,0
Научный сотрудник / программист - математик / ML researcher / DL engineer,https://hh.ru/vacancy/119400658,РЭНЕРА,не указана,От 3 до 6 лет,Нет,1,0,0,0,0,0,0,0,1,0,0,0,0,0,0
Менеджер по привлечению клиентов (digital - реклама),https://hh.ru/vacancy/116477991,МТС,не указана,От 1 года до 3 лет,Нет,0,0,0,0,0,0,0,0,0,0,0,0,0,0,0
Python разработчик в нейропроекты браузера,https://hh.ru/vacancy/119314679,Яндекс,не указана,От 3 до 6 лет,Нет,1,0,0,0,0,0,0,0,0,0,0,0,0,0,0
Data Scientist,https://hh.ru/vacancy/118991461,СБЕР,не указана,От 3 до 6 лет,Нет,1,0,1,1,1,0,0,0,0,0,0,0,1,0,0
Project Manager (ML & Sports Tech),https://hh.ru/vacancy/118979108,STC,не указана,От 3 до 6 лет,Нет,1,0,0,0,0,0,0,1,0,0,0,0,1,0,0
Эксперт по автоматизации ML-процессов,https://hh.ru/vacancy/118966566,T2,не указана,От 1 года до 3 лет,Нет,1,0,0,0,0,0,0,1,0,0,0,0,1,1,0
Data Scientist Team Lead,https://hh.ru/vacancy/119309085,Рекрутинговое агентство The One,не указана,Более 6 лет,Да,1,0,0,0,0,0,0,0,0,0,0,0,1,1,0
ML Engineer,https://hh.ru/vacancy/119217356,Excdev,не указана,От 3 до 6 лет,Да,1,1,1,0,0,0,0,1,0,0,1,0,1,0,0
Data Engineer,https://hh.ru/vacancy/112316856,Газпромбанк,не указана,От 3 до 6 лет,Да,1,0,0,0,0,0,0,1,0,0,0,0,1,0,0
Системный аналитик,https://hh.ru/vacancy/119333426,СБЕР,не указана,От 3 до 6 лет,Нет,0,0,0,0,0,0,0,1,0,0,0,0,0,0,0
"ML разработчик (LLM, VLM, RAG)",https://hh.ru/vacancy/118973322,Корпорация ЭЛАР,не указана,От 3 до 6 лет,Нет,0,1,1,0,0,0,0,0,1,1,0,0,0,1,0
AI Team Lead/ Team Lead разработки (Python),https://hh.ru/vacancy/119075472,Мост Эй Ай,не указана,От 3 до 6 лет,Да,1,0,0,0,0,0,0,0,0,0,1,0,0,0,0
Data Scientist,https://hh.ru/vacancy/119391189,Московский Кредитный Банк,не указана,От 1 года до 3 лет,Нет,0,0,0,0,0,0,0,1,0,0,0,0,0,0,0
ML-инженер (портал Рамблер),https://hh.ru/vacancy/119553456,Rambler&Co,не указана,От 3 до 6 лет,Нет,1,1,1,0,0,0,0,1,0,0,1,0,0,0,0
ML Engineer/Инженер машинного обучения,https://hh.ru/vacancy/119091373,Т1,не указана,От 3 до 6 лет,Да,0,0,0,0,0,0,0,0,0,1,1,0,1,1,0
Data scientist (Управление рисками корпоративных клиентов),https://hh.ru/vacancy/119387898,СБЕР,не указана,От 1 года до 3 лет,Нет,1,0,0,1,1,0,0,1,0,0,0,0,0,0,0
MLOPS инженер senior,https://hh.ru/vacancy/119444132,Centicore,не указана,От 3 до 6 лет,Да,1,0,0,0,0,0,0,1,0,0,0,0,0,1,0
Стажер в Управление финансовой эффективности ВТБ Юниор,https://hh.ru/vacancy/118729486,Банк ВТБ (ПАО),от 75000 до 75000 RUR,Нет опыта,Нет,1,0,0,0,0,0,0,1,0,0,0,0,0,0,0
ML инженер,https://hh.ru/vacancy/119768117,SberTech,не указана,Более 6 лет,Нет,1,0,0,0,0,0,0,0,0,0,0,0,0,0,1
Технический лидер (AI Team Lead),https://hh.ru/vacancy/118024949,Интернет-энциклопедия РУВИКИ,не указана,От 3 до 6 лет,Нет,1,1,1,1,0,0,0,1,1,0,1,0,0,1,1
"Senior Java разработчик (SaaS, e-comm)",https://hh.ru/vacancy/119106486,Any,не указана,Более 6 лет,Да,0,0,0,0,0,0,0,1,0,0,0,0,0,1,0
Разработчик нейросетевых алгоритмов / ML Engineer,https://hh.ru/vacancy/119029477,Федеральное автономное учреждение Государственный Научно-Исследовательский Институт Авиационных Систем,не указана,От 1 года до 3 лет,Нет,1,0,1,0,0,0,0,0,0,0,0,0,1,1,0
Senior CV/ML Engineer,https://hh.ru/vacancy/118257558,СБЕР,не указана,От 3 до 6 лет,Нет,0,0,0,0,0,0,0,0,0,1,0,0,0,0,0
ML инженер (LLM),https://hh.ru/vacancy/118303288,1С,не указана,От 3 до 6 лет,Нет,1,0,1,0,0,0,0,0,0,0,1,0,0,0,0
Lead Data Engineer,https://hh.ru/vacancy/117114065,Rubbles,от 450000 RUR,Более 6 лет,Да,1,0,0,0,0,0,0,1,0,0,0,0,0,0,1
Руководитель группы развития и сопровождения ML-платформы,https://hh.ru/vacancy/119179098,БАНК УРАЛСИБ,не указана,От 3 до 6 лет,Да,1,0,0,0,0,0,0,0,0,0,0,0,0,0,0
Data scientist (Senior),https://hh.ru/vacancy/119021975,СБЕР,не указана,От 3 до 6 лет,Нет,1,0,0,1,1,1,0,1,0,0,0,0,1,0,0
Data Scientist,https://hh.ru/vacancy/118894383,RDP.RU,не указана,От 3 до 6 лет,Да,1,1,1,1,1,1,1,1,0,0,0,0,1,1,0
Data Scientist (Ranking&Search),https://hh.ru/vacancy/119683696,Lamoda Tech,не указана,От 3 до 6 лет,Нет,1,0,1,1,0,0,0,1,0,0,0,0,0,1,0
Team Lead Data Scientist в области рекомендательных систем,https://hh.ru/vacancy/118977514,СБЕР,не указана,Более 6 лет,Нет,1,0,1,0,0,0,0,0,0,0,0,0,0,0,0
Ведущий технический менеджер продукта платформы MlOps,https://hh.ru/vacancy/119028002,X5 Tech,не указана,Более 6 лет,Нет,0,0,0,0,0,0,0,0,0,0,0,0,0,0,0
Стажер в финансовую эффективность ВТБ Юниор,https://hh.ru/vacancy/118737406,Changellenge,от 75000 до 75000 RUR,Нет опыта,Нет,1,0,0,0,0,0,0,1,0,0,0,0,0,0,0
Старший Java-разработчик в команду рекомендаций социальных сервисов,https://hh.ru/vacancy/118827539,VK,не указана,От 3 до 6 лет,Нет,0,0,0,0,0,0,0,0,0,0,0,0,1,0,0
Data аналитик в ВТБ Онлайн,https://hh.ru/vacancy/117080778,Банк ВТБ (ПАО),не указана,От 3 до 6 лет,Нет,1,1,0,1,0,0,0,1,0,0,0,0,0,0,0
MLops/DE,https://hh.ru/vacancy/118961350,Bell Integrator,не указана,От 1 года до 3 лет,Нет,1,0,0,0,0,0,0,1,0,0,0,0,1,1,0
Интернет-маркетолог (медицина),https://hh.ru/vacancy/118553467,Группа компаний Мать и дитя,не указана,От 1 года до 3 лет,Да,1,0,0,0,0,0,0,1,0,0,0,0,0,0,0
Специалист С++ по компьютерному зрению и машинному обучению,https://hh.ru/vacancy/119359011,Смарт Энджинс Сервис,до 150000 RUR,От 1 года до 3 лет,Нет,1,0,0,0,0,1,0,0,0,1,0,0,0,0,0
"Менеджер по маркетингу (Менеджер по персонализации предложений, цен)",https://hh.ru/vacancy/119042102,Пятёрочка,не указана,От 1 года до 3 лет,Нет,0,0,0,0,0,0,0,0,0,0,0,0,0,0,0
Инженер данных в команду Индекс магазинов,https://hh.ru/vacancy/119132107,WILDBERRIES,не указана,От 3 до 6 лет,Нет,1,0,0,0,0,0,0,1,0,0,0,0,1,1,0
ML Engineer,https://hh.ru/vacancy/119007533,Aston,не указана,От 1 года до 3 лет,Да,1,1,1,0,0,0,0,1,0,1,1,0,0,0,0
ML-engineer (команда Генеративной музыки),https://hh.ru/vacancy/119327245,СБЕР,не указана,От 3 до 6 лет,Нет,1,0,1,0,0,0,0,0,0,0,0,0,0,0,0
Ведущий разработчик машинного обучения ( Data Platform и ML ),https://hh.ru/vacancy/118466526,БЮРО 1440,не указана,От 3 до 6 лет,Нет,1,0,1,1,1,0,0,1,1,0,0,0,1,1,0
Data Engineer,https://hh.ru/vacancy/119170877,Группа НЛМК,не указана,От 3 до 6 лет,Да,1,0,0,0,0,0,0,1,0,1,0,0,0,1,0
ML / DS инженер (GigaChat),https://hh.ru/vacancy/119319367,СБЕР,не указана,От 3 до 6 лет,Нет,1,0,0,0,1,1,0,1,0,0,1,0,1,0,0
Middle Data scientist (лидогенерация),https://hh.ru/vacancy/119327538,МегаФон,не указана,От 1 года до 3 лет,Да,1,0,0,0,0,0,0,1,0,0,0,0,1,0,0
MLOps Engineer,https://hh.ru/vacancy/119661454,Ингосстрах,не указана,От 3 до 6 лет,Да,1,0,0,0,0,0,0,0,0,0,0,0,1,1,1
Аналитик IDM в команду Identity & Access Management,https://hh.ru/vacancy/119237073,Т-Банк,не указана,От 1 года до 3 лет,Нет,1,0,0,0,0,0,0,1,0,0,0,0,1,0,0
Старший исследователь-психолог (Лаборатория нейронаук и поведения человека),https://hh.ru/vacancy/119241792,СБЕР,не указана,Более 6 лет,Нет,1,0,0,0,0,0,0,0,0,0,0,0,0,0,0
Инженер MLOps,https://hh.ru/vacancy/118825402,ГКУ Инфогород,не указана,От 3 до 6 лет,Нет,0,0,0,0,0,0,0,1,0,0,0,0,1,1,0
Machine Learning Engineer в VK Рекламу,https://hh.ru/vacancy/119690485,VK,не указана,От 3 до 6 лет,Да,1,0,0,0,0,0,0,1,0,0,1,0,0,0,0
"Менеджер по продажам ИТ (WEB, AI)",https://hh.ru/vacancy/119452576,AVE Technologies,не указана,От 1 года до 3 лет,Да,0,0,0,0,0,0,0,0,0,1,1,0,0,0,0
Руководитель направления по кибербезопасности ИИ,https://hh.ru/vacancy/119122608,СБЕР,не указана,От 3 до 6 лет,Нет,0,0,0,0,0,0,0,0,0,1,0,0,0,0,0
Продуктовый аналитик,https://hh.ru/vacancy/119191856,Teamline Consult,от 250000 RUR,От 3 до 6 лет,Нет,1,0,0,0,0,0,0,1,0,0,0,0,0,0,0
TL Data Scientist,https://hh.ru/vacancy/117519659,Платформа ОФД,до 459000 RUR,Более 6 лет,Нет,1,0,1,1,1,1,0,1,0,0,0,0,1,1,0
Аналитик-исследователь AI-технологий (Центр методологии и популяризации Data science),https://hh.ru/vacancy/119444320,СБЕР,не указана,От 1 года до 3 лет,Нет,0,0,0,0,0,0,0,0,0,0,0,0,0,0,0
Senior Data Scientist / Промо,https://hh.ru/vacancy/118975551,"МАГНИТ, Розничная сеть",не указана,От 3 до 6 лет,Да,0,0,0,0,0,0,0,0,0,0,0,0,0,0,0
Sales Manager (MacroVision),https://hh.ru/vacancy/119289912,SberTech,не указана,От 3 до 6 лет,Нет,0,0,0,0,0,0,0,0,0,0,0,0,0,0,0
Data Scientist (Advertising Platform),https://hh.ru/vacancy/118913310,Lamoda Tech,не указана,От 3 до 6 лет,Нет,1,0,0,0,0,0,0,1,1,0,0,0,0,1,0
Архитектор MLOps,https://hh.ru/vacancy/119128614,БАНК УРАЛСИБ,не указана,От 3 до 6 лет,Да,1,0,0,0,0,0,0,0,0,0,0,0,1,1,0
Cloud инженер,https://hh.ru/vacancy/117652618,Рунити,не указана,От 3 до 6 лет,Да,1,0,0,0,0,0,0,1,0,0,0,0,1,0,0
Team Lead Data Science,https://hh.ru/vacancy/119551277,Russ,не указана,Более 6 лет,Нет,1,0,0,0,0,0,0,0,1,0,0,0,0,0,0
Middle Data Scientist (Core),https://hh.ru/vacancy/119343771,МегаФон,не указана,От 1 года до 3 лет,Да,1,0,0,1,1,1,0,1,0,0,0,0,1,0,0
Data-Архитектор (IT),https://hh.ru/vacancy/117479132,МТ-ЛАБ,не указана,Более 6 лет,Нет,1,0,0,0,0,0,0,1,0,0,0,0,0,0,0
Product Owner (ML Team),https://hh.ru/vacancy/119495674,DDX Fitness,не указана,От 3 до 6 лет,Да,0,0,0,0,0,0,0,0,0,0,0,0,0,0,0
Data Engineer ML,https://hh.ru/vacancy/119388338,Ростелеком,не указана,От 3 до 6 лет,Нет,1,0,0,0,0,0,0,1,0,0,0,0,1,1,0
"Data Scientist/Разработчик машинного обучения (ML, NLP, LLM) Middle",https://hh.ru/vacancy/117371174,B2B-Center,не указана,От 1 года до 3 лет,Да,1,0,1,1,1,1,0,0,0,0,1,0,0,0,0
Middle ML - Инженер (ОС Astra Linux),https://hh.ru/vacancy/118468562,Группа компаний Астра,не указана,От 3 до 6 лет,Да,1,0,1,0,0,1,0,0,0,0,0,0,0,1,0
ML Engineer,https://hh.ru/vacancy/118703959,Aston,не указана,От 1 года до 3 лет,Да,1,1,1,0,0,0,0,1,1,1,1,0,0,0,0
Senior Mlops/DevOps,https://hh.ru/vacancy/119777536,Альфа-Банк,не указана,От 3 до 6 лет,Да,1,0,0,0,0,0,0,1,0,1,0,0,1,1,0
"Senior Data Analyst (""Рекомендации"")",https://hh.ru/vacancy/118718687,Okko,не указана,От 3 до 6 лет,Нет,1,0,0,1,0,1,0,1,0,0,0,0,0,0,0
Архитектор,https://hh.ru/vacancy/119479078,Т1,не указана,От 3 до 6 лет,Да,0,0,0,0,0,0,0,1,0,0,1,0,0,0,0
ML/DevOps Engineer,https://hh.ru/vacancy/118860377,Вайлд-Групп,от 150000 до 250000 RUR,От 1 года до 3 лет,Да,1,0,1,0,0,0,0,0,0,0,0,0,1,1,1
Ведущий бизнес-аналитик AI/ML (Финансы/Учет) в Ростелеком | Трансформация процессов с ИИ,https://hh.ru/vacancy/119249439,Ростелеком,не указана,От 3 до 6 лет,Да,1,0,0,0,0,0,0,1,0,1,1,0,0,0,0
Data Scientist (риски),https://hh.ru/vacancy/118509662,Ингосстрах,не указана,От 3 до 6 лет,Нет,1,0,0,0,0,0,0,1,0,0,0,0,0,0,0
ML Engineer/Data Scientist платформа КД Макс (Ценообразование и Управление выгодой),https://hh.ru/vacancy/119397195,X5 Tech,не указана,От 3 до 6 лет,Нет,1,0,0,0,0,0,0,1,0,0,1,0,0,0,0
AI Tech Lead (LLM),https://hh.ru/vacancy/115949342,YADRO,не указана,Более 6 лет,Да,1,0,0,0,0,0,0,0,0,1,1,0,0,0,0
Deep Learning Research Engineer (R&D),https://hh.ru/vacancy/119089409,Photo Lab,от 5000 USD,От 3 до 6 лет,Да,0,0,1,0,0,0,0,0,0,1,0,0,1,0,0
Data Analyst,https://hh.ru/vacancy/115552777,СБЕР,не указана,От 3 до 6 лет,Нет,1,0,1,0,0,0,0,0,1,0,0,0,0,0,0
Разработчик машинного обучения в группу анализа медиаконтента Музыки,https://hh.ru/vacancy/119068361,Яндекс,не указана,От 3 до 6 лет,Нет,1,0,1,0,0,0,0,1,0,0,1,0,0,0,0
Руководитель отдела машинного обучения (Data Platform и ML ),https://hh.ru/vacancy/119507313,БЮРО 1440,не указана,От 3 до 6 лет,Нет,1,0,1,1,1,0,0,1,1,0,0,0,1,1,0
AI/ML Engineer / AI/ML Инженер / AI/ML Разработчик,https://hh.ru/vacancy/119393281,Passionate Agency,от 2000 USD,От 3 до 6 лет,Да,1,1,1,0,0,0,0,1,0,0,1,0,1,0,1
Data Scientist / ML-инженер,https://hh.ru/vacancy/118831649,Медиалогия,не указана,От 3 до 6 лет,Да,1,1,1,1,1,1,0,0,0,1,1,0,0,0,0
Data Scientist в команду RecSys (middle),https://hh.ru/vacancy/118008212,Литрес,не указана,От 1 года до 3 лет,Да,1,0,0,1,1,1,0,1,1,0,0,0,1,0,0
"Tech Lead ML в Дзен, Москва (офис)",https://hh.ru/vacancy/119339333,VK,не указана,От 3 до 6 лет,Нет,0,0,0,0,0,0,0,0,0,0,0,0,0,0,0
Senior Golang Developer (MLS Core),https://hh.ru/vacancy/117881572,Cloud.ru,не указана,От 3 до 6 лет,Нет,1,0,0,0,0,0,0,1,0,0,0,0,0,1,0
Ведущий разработчик Python (ML),https://hh.ru/vacancy/118303339,1С,не указана,От 3 до 6 лет,Нет,1,0,0,0,1,0,0,1,0,1,0,0,0,0,0
Руководитель команды ML и R&D,https://hh.ru/vacancy/118977355,NAUMEN,не указана,Более 6 лет,Да,1,1,1,1,1,1,0,1,0,0,1,0,0,1,0
Аналитик-разработчик (Data Scientist) в службу аналитики роста рекламы,https://hh.ru/vacancy/119498286,Яндекс,не указана,От 3 до 6 лет,Нет,1,1,1,1,0,0,0,1,0,0,0,0,1,0,0
ML Engineer в Почту,https://hh.ru/vacancy/119543544,VK,не указана,Более 6 лет,Да,1,1,1,0,0,0,0,0,0,0,0,0,0,1,0
Senior LLM researcher (Sber AI Lab),https://hh.ru/vacancy/119139094,СБЕР,не указана,От 3 до 6 лет,Нет,1,0,1,0,0,0,0,0,1,0,1,0,0,0,0
Senior MLSecOps Engineer,https://hh.ru/vacancy/114988743,Т-Банк,не указана,Более 6 лет,Нет,0,0,0,0,0,0,0,0,0,0,0,0,0,1,0
Разработчик в команду компьютерного зрения SportTech,https://hh.ru/vacancy/119127255,Яндекс,не указана,От 3 до 6 лет,Нет,1,0,0,1,1,1,0,0,0,0,0,0,0,0,0
Data Scientist (Middle/Senior),https://hh.ru/vacancy/119332755,ПКО АйДи Коллект,не указана,От 1 года до 3 лет,Нет,1,1,1,1,0,0,0,1,0,0,1,0,0,0,0
IT-лид команды в сфере данных и ML,https://hh.ru/vacancy/117435319,Деко Системс,не указана,Более 6 лет,Да,1,0,0,0,0,0,0,0,0,0,0,0,1,0,0
Архитектор AI/ML,https://hh.ru/vacancy/119534696,МосТрансПроект,не указана,От 1 года до 3 лет,Нет,0,0,0,0,0,0,0,0,1,0,0,1,0,0,0
ML Ops Engineer,https://hh.ru/vacancy/119083118,Photo Lab,от 220000 RUR,От 1 года до 3 лет,Да,1,0,1,0,0,0,0,0,0,0,0,0,1,1,0
MLops-инженер,https://hh.ru/vacancy/119290460,РСХБ-Интех,не указана,От 1 года до 3 лет,Да,1,0,1,0,1,1,0,0,0,0,0,0,1,1,0
"Senior Data Analyst (AB тестирование, ML модели)",https://hh.ru/vacancy/111417147,Х5 Group,не указана,От 3 до 6 лет,Нет,1,0,1,1,1,0,0,1,0,0,0,0,0,0,0
Growth manager в команду CRM-маркетинга Маркета,https://hh.ru/vacancy/118862916,Яндекс,не указана,От 3 до 6 лет,Нет,0,0,0,0,0,0,0,0,0,0,0,0,0,0,0
Data Scientist в команду рисков,https://hh.ru/vacancy/118914978,Газпромбанк,не указана,От 3 до 6 лет,Да,1,1,1,0,0,0,0,1,0,0,0,0,0,0,0
Middle Data Scientist,https://hh.ru/vacancy/116807049,IDF Eurasia,не указана,От 3 до 6 лет,Да,1,0,0,1,1,1,0,1,0,0,0,0,0,0,0
Senior Data Scientist NLP в команду клиентского сервиса,https://hh.ru/vacancy/118914987,Газпромбанк,не указана,От 3 до 6 лет,Нет,1,1,1,0,0,0,0,1,0,0,1,0,0,0,0
Дата-сайентист в Маркет,https://hh.ru/vacancy/109934658,Яндекс,не указана,От 3 до 6 лет,Нет,1,0,0,0,0,0,0,1,0,0,0,0,0,0,0
ML Data Scientist (Senior),https://hh.ru/vacancy/119225700,"РУСАЛ, Центр подбора персонала",не указана,От 3 до 6 лет,Нет,1,0,0,0,1,1,0,1,0,0,0,0,1,0,0
Python-разработчик (MLOps),https://hh.ru/vacancy/118907832,RUTUBE,не указана,От 1 года до 3 лет,Да,1,0,1,0,0,0,0,1,0,1,1,0,1,1,0
Computer Vision Engineer,https://hh.ru/vacancy/118980310,WILDBERRIES,не указана,От 3 до 6 лет,Нет,1,0,0,0,0,0,0,0,0,1,1,0,0,1,0
Менеджер продукта/ Аналитик продукта/ Руководитель направления (внедрение ИИ),https://hh.ru/vacancy/118206451,КонсультантПлюс,не указана,Более 6 лет,Нет,1,0,0,0,0,0,0,1,0,0,1,0,0,0,0
Data Scientist / ML Engineer,https://hh.ru/vacancy/119447859,ИЦ АЙ-ТЕКО,не указана,От 3 до 6 лет,Нет,1,0,0,0,0,0,0,1,1,1,0,0,0,0,0
Middle Data Scientist (кредитно-платежные продукты),https://hh.ru/vacancy/119303534,МегаФон,не указана,От 1 года до 3 лет,Да,1,0,0,1,1,1,0,1,0,0,0,0,1,0,0
ML-разработчик в службу ML Финтеха,https://hh.ru/vacancy/118702797,Яндекс,не указана,Более 6 лет,Нет,1,0,0,0,0,0,0,1,0,0,0,0,0,0,0
Бизнес-аналитик / SME по прогнозированию и ML,https://hh.ru/vacancy/119507791,Эдвансд,не указана,От 3 до 6 лет,Да,1,0,0,0,0,0,0,0,0,0,0,0,0,0,0
LLМ Developer,https://hh.ru/vacancy/119286407,СБЕР,не указана,От 1 года до 3 лет,Нет,1,1,1,1,1,1,0,1,0,0,0,0,0,1,0
Архитектор решений / Ведущий инженер систем управления производством,https://hh.ru/vacancy/119589815,Инфосистемы Джет,не указана,От 3 до 6 лет,Да,0,0,0,0,0,0,0,1,0,0,0,0,0,0,0
ML разработчик (Computer vision),https://hh.ru/vacancy/117271292,Транснефть-Технологии,не указана,От 3 до 6 лет,Нет,1,0,1,0,1,1,1,0,1,1,0,0,0,0,0
Deep Learning engineer,https://hh.ru/vacancy/119280093,Эвокарго,не указана,От 3 до 6 лет,Да,1,0,1,1,0,1,0,0,0,1,0,0,0,0,0
Solution Architect/ MLOps Engineer,https://hh.ru/vacancy/119300640,СБЕР,не указана,От 1 года до 3 лет,Нет,1,0,0,0,0,0,0,1,0,0,0,0,1,0,0
Data Scientist (Гео и Графы),https://hh.ru/vacancy/119232367,СБЕР,не указана,От 3 до 6 лет,Нет,1,0,1,1,0,0,0,1,1,0,1,0,0,0,0
Аналитик-разработчик в команду безопасности Нейро,https://hh.ru/vacancy/118905833,Яндекс,не указана,От 3 до 6 лет,Нет,1,0,0,0,0,0,0,1,0,0,0,0,0,0,0
ML-разработчик,https://hh.ru/vacancy/119218636,getmatch,не указана,От 3 до 6 лет,Да,1,0,0,0,0,0,0,1,0,0,1,0,0,0,0
Senior ML-engineer,https://hh.ru/vacancy/116105316,Альфа-Банк,не указана,От 3 до 6 лет,Да,1,0,0,0,0,0,0,0,0,0,0,0,0,0,0
Ведущий разработчик 1С (машинное обучение),https://hh.ru/vacancy/118303254,1С,не указана,От 3 до 6 лет,Да,0,0,0,0,0,0,0,0,0,0,0,0,0,0,0
Разработчик алгоритмов ценообразования в Маркет C++,https://hh.ru/vacancy/116696351,Яндекс,не указана,От 3 до 6 лет,Нет,1,0,0,0,1,0,0,1,0,0,0,0,0,0,0
MLOps-инженер,https://hh.ru/vacancy/118894335,RDP.RU,не указана,От 3 до 6 лет,Да,1,1,1,1,1,1,1,1,0,0,0,0,1,0,0
"ML-разработчик (LLM, middle)",https://hh.ru/vacancy/119349241,SL Soft,не указана,От 1 года до 3 лет,Да,1,1,1,1,1,1,0,1,1,0,1,0,1,0,0
ML Solution Architect,https://hh.ru/vacancy/118123099,Группа компаний Астра,не указана,Более 6 лет,Нет,0,0,0,0,0,0,0,0,0,0,0,0,0,1,1
Руководитель ML направления (ML Lead),https://hh.ru/vacancy/119389685,"РОСТ, Группа компаний",не указана,От 3 до 6 лет,Да,1,1,1,0,1,1,1,0,1,1,0,0,1,1,0
ML Team Lead (Ассистент Салют),https://hh.ru/vacancy/119831035,СБЕР,не указана,Более 6 лет,Нет,0,0,0,0,0,0,0,0,0,0,1,0,0,0,0
Machine Learning Engineer (RecSys),https://hh.ru/vacancy/119359952,Звук,не указана,От 1 года до 3 лет,Да,1,0,1,1,1,0,0,1,0,0,0,0,0,1,0
Middle MLops specialist,https://hh.ru/vacancy/114972373,Электронная торговая площадка Газпромбанка,не указана,От 3 до 6 лет,Да,1,1,1,0,0,0,0,0,0,0,0,0,1,1,0
Data Scientist (Специалист по языковым моделям),https://hh.ru/vacancy/119346670,СберМобайл,не указана,От 3 до 6 лет,Нет,1,1,1,1,1,1,1,0,0,0,1,0,0,1,0
Старший Go разработчик в команду инфраструктуры YTsaurus,https://hh.ru/vacancy/117420877,Яндекс,не указана,От 3 до 6 лет,Нет,1,0,0,0,0,0,0,1,0,0,0,0,0,0,0
Senior ML Engineer [Голосовая экосистема],https://hh.ru/vacancy/117803174,МТС,не указана,От 3 до 6 лет,Да,1,0,0,0,0,0,0,0,0,0,1,0,0,0,0
Руководитель отдела рисков Senior Data scientist,https://hh.ru/vacancy/118344285,МКК Займ-Экспресс,не указана,От 3 до 6 лет,Нет,1,0,0,1,1,1,0,1,0,0,0,0,0,0,0
MLOps инженер,https://hh.ru/vacancy/118117788,Группа компаний Астра,не указана,От 3 до 6 лет,Нет,1,0,0,0,0,0,0,0,0,0,0,0,1,1,1
Data Scientist (GenAI),https://hh.ru/vacancy/118309827,Компания БКС,не указана,От 3 до 6 лет,Да,0,1,1,1,1,1,1,1,0,0,1,0,1,1,0
Продуктовый аналитик в команду Эффективности кэшбека,https://hh.ru/vacancy/118033924,Т-Банк,не указана,Более 6 лет,Нет,1,0,0,0,1,1,1,1,0,0,0,0,0,0,0
Senior Data Scientist (RL),https://hh.ru/vacancy/119038333,Ecom.tech,не указана,От 3 до 6 лет,Да,1,0,0,1,1,1,0,1,0,0,0,0,1,1,0
Lead Data engineer,https://hh.ru/vacancy/104847296,Объединенная металлургическая компания,не указана,От 3 до 6 лет,Да,0,0,0,0,0,0,0,0,0,0,0,0,0,0,0
Lead Data Scientist [Платформа жизненных сценариев],https://hh.ru/vacancy/119043068,МТС,не указана,Более 6 лет,Нет,1,1,1,1,1,1,0,0,0,0,0,0,1,0,0
"Старший Data Scientist, Ранжирование",https://hh.ru/vacancy/98275778,Ozon,не указана,От 3 до 6 лет,Да,1,0,0,0,0,0,0,0,0,0,1,0,0,0,0
Руководитель Центра знаний (Team Lead Data Scientist),https://hh.ru/vacancy/118618735,Компания БКС,не указана,Более 6 лет,Нет,1,0,0,0,0,0,0,1,0,0,0,0,0,0,0
Senior MLOps Engineer (Recommendation Systems),https://hh.ru/vacancy/119754841,WILDBERRIES,не указана,Более 6 лет,Нет,1,0,0,0,0,0,0,0,0,0,0,0,1,0,0
Lead Data Scientist,https://hh.ru/vacancy/117912295,Эр-1,не указана,От 3 до 6 лет,Нет,1,0,1,1,1,1,1,1,0,0,0,0,1,0,0
Senior Data Scientist,https://hh.ru/vacancy/119246695,МегаФон,не указана,От 3 до 6 лет,Да,1,0,0,1,1,1,0,1,0,0,0,0,1,0,0
MLops/DevOps-инженер,https://hh.ru/vacancy/119395127,Бриф,от 400000 до 500000 RUR,Более 6 лет,Да,1,0,0,0,0,0,0,0,0,0,0,0,0,0,0
Senior Data Scientist (Цифровой двойник КИБ),https://hh.ru/vacancy/116768763,СБЕР,не указана,От 3 до 6 лет,Нет,1,0,1,1,0,0,0,1,1,0,0,0,0,0,0
Team Lead Data Scientist,https://hh.ru/vacancy/119284524,СБЕР,не указана,От 3 до 6 лет,Нет,1,1,0,1,1,1,0,0,1,0,1,0,1,0,0
"Старший Data Scientist, Эффективность рекламы",https://hh.ru/vacancy/115496430,Ozon,не указана,От 3 до 6 лет,Нет,1,0,0,0,0,0,0,1,0,0,0,0,0,0,0
Главный специалист ML-аналитики,https://hh.ru/vacancy/119328588,СОГАЗ,не указана,От 1 года до 3 лет,Нет,1,1,0,0,0,0,0,1,0,0,0,0,0,0,0
Senior Computer vision/Machine learning,https://hh.ru/vacancy/117691421,Инфотек,не указана,От 3 до 6 лет,Да,1,0,1,1,1,0,0,1,0,1,0,0,1,0,0
Data Scientist (аналитик-разработчик) в модерацию рекламы,https://hh.ru/vacancy/118191844,Яндекс,не указана,От 3 до 6 лет,Нет,1,1,1,0,1,1,0,1,0,1,1,0,0,0,0
Программист Data Science (распознавание речи),https://hh.ru/vacancy/118805041,1С,не указана,Более 6 лет,Нет,1,0,0,0,0,0,0,0,0,0,1,0,1,0,0
С++ Developer в команду машинного обучения,https://hh.ru/vacancy/119040166,VK,не указана,От 3 до 6 лет,Да,1,0,0,0,1,1,1,1,0,0,0,0,0,0,0
Python ML engineer,https://hh.ru/vacancy/119492151,Aston,не указана,От 1 года до 3 лет,Нет,1,1,1,1,1,1,0,0,0,0,1,0,0,0,0
Ведущий эксперт по безопасности ML,https://hh.ru/vacancy/115396059,СБЕР,не указана,От 1 года до 3 лет,Нет,1,1,1,0,0,0,0,0,0,1,0,0,0,0,0
Data analyst ( Мiddle/Middle+ ),https://hh.ru/vacancy/119125140,РСХБ-Интех,не указана,От 3 до 6 лет,Нет,0,0,0,0,0,0,0,1,0,0,0,0,0,0,0
ML-разработчик в команду поиска и рекомендаций Маркета,https://hh.ru/vacancy/119501976,Яндекс,не указана,От 3 до 6 лет,Нет,1,0,0,1,0,0,0,1,0,0,1,0,0,0,0
Инженер по внедрению AI и разработке чат-ботов,https://hh.ru/vacancy/118186061,ИЦ АЙ-ТЕКО,не указана,От 3 до 6 лет,Нет,1,0,0,0,0,0,0,0,0,0,1,0,0,0,0
Data Science TeamLead в команду рекомендаций,https://hh.ru/vacancy/119729974,АВИТО ТЕХ,не указана,Более 6 лет,Нет,1,0,1,0,1,0,0,0,1,0,1,0,0,0,0
ML-research,https://hh.ru/vacancy/119451109,СБЕР,не указана,От 3 до 6 лет,Нет,1,0,0,0,0,0,0,1,0,0,1,0,0,0,0
Senior MLE в Speech-Lab,https://hh.ru/vacancy/119217282,Контур,не указана,От 3 до 6 лет,Да,0,0,0,0,0,0,0,0,0,1,1,0,1,0,0
Тимлид MLE в команду лояльности Плюса,https://hh.ru/vacancy/119637688,Яндекс,не указана,Более 6 лет,Нет,1,0,0,0,0,0,0,1,0,0,0,0,0,0,0
Системный архитектор ML,https://hh.ru/vacancy/118893992,RDP.RU,не указана,От 3 до 6 лет,Да,0,0,0,0,0,0,0,0,0,0,0,0,0,1,0
Machine Learning Engineer/MLOps,https://hh.ru/vacancy/118357275,Международная медиагруппа Россия сегодня (МИА Россия сегодня),не указана,От 3 до 6 лет,Нет,1,0,0,0,0,0,0,0,0,0,0,0,0,0,0
Senior Data Scientist (Rec. system),https://hh.ru/vacancy/118718574,Okko,не указана,От 3 до 6 лет,Нет,1,0,1,0,1,1,0,0,1,0,1,0,0,0,0
Team Lead Data Scientist (Залоговая экспертиза),https://hh.ru/vacancy/119071282,СБЕР,не указана,От 3 до 6 лет,Нет,0,0,1,1,0,1,0,0,1,1,1,0,0,0,0
ML Engineer Uplift и Causal Inference (Exp. Platform),https://hh.ru/vacancy/118718617,Okko,не указана,От 3 до 6 лет,Нет,1,0,0,0,0,0,0,1,0,0,0,0,0,0,0
С++ Developer в команду ML-технологий,https://hh.ru/vacancy/119040743,VK,не указана,От 3 до 6 лет,Да,1,0,1,1,1,0,0,0,0,0,0,0,0,0,0
Data Science Engineer/ Machine Learning Engineer,https://hh.ru/vacancy/116174806,АстраЗенека,не указана,От 3 до 6 лет,Нет,1,0,0,0,0,0,0,1,0,0,0,0,0,0,0
Менеджер по коммерции персональных предложений,https://hh.ru/vacancy/119029907,Пятёрочка,не указана,От 1 года до 3 лет,Нет,0,0,0,0,0,0,0,0,0,0,0,0,0,0,0
Middle/Senior Data Scientist в команду ETA/RTA,https://hh.ru/vacancy/118298668,2ГИС,не указана,От 3 до 6 лет,Да,1,0,0,1,1,1,0,1,0,0,0,0,1,1,0
Менеджер по маркетингу (Менеджер по коммерции персональных предложений),https://hh.ru/vacancy/118968051,Пятёрочка,не указана,От 3 до 6 лет,Нет,0,0,0,0,0,0,0,0,0,0,0,0,0,0,0
ML Architect (Архитектор ML-проектов),https://hh.ru/vacancy/119381701,Инфосистемы Джет,не указана,От 3 до 6 лет,Нет,1,0,0,0,0,0,0,0,0,0,0,0,1,0,0
Senior Data Scientist (Search & Recommendation),https://hh.ru/vacancy/117704951,Циан,не указана,От 3 до 6 лет,Да,1,0,1,1,1,1,0,0,0,0,0,0,0,0,0
Lead DS в команду антифрода,https://hh.ru/vacancy/112317136,Газпромбанк,не указана,От 3 до 6 лет,Да,1,1,1,0,0,0,0,1,0,0,0,0,0,0,0
Lead Data Scientist,https://hh.ru/vacancy/118001535,ЭР-Телеком,не указана,От 3 до 6 лет,Нет,1,0,1,1,1,1,1,1,0,0,0,0,1,0,0
Data Scientist (Анализ цены),https://hh.ru/vacancy/115718008,Домклик,не указана,От 3 до 6 лет,Нет,1,0,1,1,1,1,0,1,1,0,0,1,0,0,0
Стажер-аналитик,https://hh.ru/vacancy/119175523,Яндекс,не указана,Нет опыта,Да,1,0,0,0,1,0,0,1,0,0,0,0,0,0,0
Senior Data scientist (Управление рисками корпоративных клиентов),https://hh.ru/vacancy/118724443,СБЕР,не указана,От 3 до 6 лет,Нет,1,0,0,1,1,0,0,1,0,0,0,0,0,0,0
Senior BI Analyst,https://hh.ru/vacancy/119157946,МойСклад,не указана,От 3 до 6 лет,Нет,0,0,0,0,0,0,0,1,0,0,0,0,0,0,0
Data Scientist,https://hh.ru/vacancy/118827373,билайн,не указана,От 3 до 6 лет,Да,1,0,0,0,0,0,0,1,1,0,1,0,0,0,0
Middle/Senior Data Scientist в области рекомендательных систем,https://hh.ru/vacancy/118702290,СБЕР,не указана,От 3 до 6 лет,Нет,1,0,1,1,1,0,0,0,1,0,0,0,1,0,0
AI-driven Data Scientist (GameDev),https://hh.ru/vacancy/118777216,Kometa.Games,не указана,От 3 до 6 лет,Нет,1,1,1,1,0,0,0,1,0,0,0,0,0,0,0
Senior ML-инженер (Recommendation Systems),https://hh.ru/vacancy/118605376,WILDBERRIES,не указана,От 3 до 6 лет,Да,1,1,1,1,0,0,0,0,1,1,1,0,0,1,1
"ML Developer в cлужбу рекомендаций Дзен, Москва (офис)",https://hh.ru/vacancy/119339041,VK,не указана,От 3 до 6 лет,Нет,1,0,0,0,0,0,0,1,0,0,1,0,0,0,0
Data-analyst (office Belgrade),https://hh.ru/vacancy/117788939,STARTRIBE LTD,не указана,От 3 до 6 лет,Нет,1,0,0,0,0,0,0,1,0,0,0,0,0,0,0
Senior ML Engineer / Data scientist (Ведущий ML-инженер),https://hh.ru/vacancy/119377776,Инфосистемы Джет,не указана,От 3 до 6 лет,Да,1,1,1,1,0,0,0,0,0,1,1,0,1,0,0
Anti-fraud Senior Machine Learning Engineer,https://hh.ru/vacancy/112317050,Газпромбанк,не указана,От 3 до 6 лет,Да,1,0,1,1,0,0,0,1,0,0,0,0,0,1,0
Технический менеджер проектов YTsaurus (разработка ML Platform),https://hh.ru/vacancy/119677910,Яндекс,не указана,Более 6 лет,Нет,1,0,0,0,0,0,0,1,0,0,0,0,0,1,0
Data Scientist/ ML Engineer на Интеллектуальную платформу коммуникации,https://hh.ru/vacancy/118276459,X5 Tech,не указана,От 3 до 6 лет,Нет,1,0,0,0,0,0,0,1,0,0,0,0,0,0,0
Главный эксперт по безопасной разработке (MLSecOps),https://hh.ru/vacancy/118296846,Альфа-Банк,не указана,От 1 года до 3 лет,Да,0,1,1,0,0,0,0,0,0,0,0,0,0,0,0
Руководитель направления антифрод-аналитики,https://hh.ru/vacancy/119023319,МФК Займер,не указана,От 3 до 6 лет,Да,1,0,0,1,1,0,0,1,0,0,0,0,0,0,0
Team Lead Data Scientist (Персонификация),https://hh.ru/vacancy/119583125,билайн,не указана,От 3 до 6 лет,Да,1,0,1,1,1,0,0,0,0,0,0,0,0,0,0
Middle/Senior Data Scientist / ML Engineer в команду Прогноза промо-продаж,https://hh.ru/vacancy/109711513,X5 Tech,не указана,От 3 до 6 лет,Нет,1,0,0,0,0,0,0,1,0,0,0,0,0,1,0
Ведущий менеджер AI (Data Scientist),https://hh.ru/vacancy/119113026,билайн,не указана,От 3 до 6 лет,Да,1,0,0,0,0,0,0,1,1,0,1,0,0,0,0
Senior Data Scientist (NLP ML Autotasking),https://hh.ru/vacancy/119277888,АВИТО ТЕХ,не указана,От 3 до 6 лет,Да,1,0,0,0,0,0,0,1,0,0,0,0,0,1,0
Team lead ML RecSys,https://hh.ru/vacancy/107412663,Звук,не указана,От 3 до 6 лет,Да,1,1,1,1,1,1,0,1,0,0,1,0,0,1,0
"Senior Data Scientist в команду ""Разработка AI-решений БСР""",https://hh.ru/vacancy/119609626,СБЕР,не указана,От 3 до 6 лет,Да,1,1,1,1,1,1,1,1,1,0,1,0,0,1,0
Старший инженер R&D,https://hh.ru/vacancy/118908902,ИнфоТеКС,не указана,От 1 года до 3 лет,Нет,1,0,0,0,0,0,0,0,0,0,0,0,0,0,0
Руководитель направления Уход от массового промо,https://hh.ru/vacancy/118991914,Пятёрочка,не указана,От 3 до 6 лет,Нет,0,0,0,0,0,0,0,0,0,0,0,0,0,0,0
Team Lead MLOps,https://hh.ru/vacancy/118953755,Звук,не указана,От 3 до 6 лет,Да,0,0,0,0,0,0,0,0,0,0,0,0,0,0,0
Senior/Team Lead Data Scientist,https://hh.ru/vacancy/119498854,РТ-Информационная безопасность,не указана,От 3 до 6 лет,Нет,1,1,1,1,1,0,0,1,0,0,1,0,0,0,0
Senior Data Scientist (Recommendations),https://hh.ru/vacancy/118725307,Lamoda Tech,не указана,От 3 до 6 лет,Нет,1,0,1,1,0,0,0,1,0,0,0,0,0,1,0
Data Scientist,https://hh.ru/vacancy/119075965,Корпоративный университет Сбербанка,не указана,От 1 года до 3 лет,Нет,1,0,1,1,1,1,1,0,0,1,0,0,0,1,0
Ведущий эксперт по безопасности ML (GenAI),https://hh.ru/vacancy/119545148,СБЕР,не указана,От 3 до 6 лет,Нет,1,1,1,0,0,0,0,0,0,1,0,0,0,0,0
"Senior ML Engineer (Uplift), группа ""Search""",https://hh.ru/vacancy/118718008,Okko,не указана,От 3 до 6 лет,Да,1,0,0,0,0,0,0,1,0,0,0,0,0,0,0
Senior Data Scientist/ML Engineer (команда SmartSearch),https://hh.ru/vacancy/119500510,СБЕР,не указана,От 3 до 6 лет,Нет,1,0,1,0,0,0,0,1,0,0,1,0,0,0,0
Senior Data Scientist (Recommender Systems),https://hh.ru/vacancy/115557998,FunCorp,от 5000 до 6500 EUR,От 3 до 6 лет,Да,1,0,1,0,0,0,0,0,0,0,0,0,0,0,0
"Автор на курс ""Специалист по Data Science""",https://hh.ru/vacancy/118562501,Яндекс Практикум,не указана,От 3 до 6 лет,Нет,1,0,1,1,1,1,0,0,1,1,1,0,0,0,0
Senior Data Scientist/ML Engineer (команда SmartSearch),https://hh.ru/vacancy/116788944,СБЕР,не указана,От 3 до 6 лет,Нет,1,0,0,0,0,0,0,0,0,0,0,0,0,0,0
Автор курса «MLOps»,https://hh.ru/vacancy/116796844,Яндекс Практикум,не указана,От 1 года до 3 лет,Да,0,0,0,0,0,0,0,0,0,0,0,0,0,1,0
