Должность,Ссылка,Компания,Зарплата,Опыт,Удаленная работа,GIT,LINUX,DOCKER,AWS,KUBERNETES,JAVASCRIPT,TYPESCRIPT,REACT,VUE,ANGULAR,HTML_CSS,WEBPACK,NODEJS
Тестировщик ПО,https://hh.ru/vacancy/119122919,Carcade Leasing,от 100000 RUR,От 1 года до 3 лет,Да,0,0,0,0,0,0,0,0,0,0,0,0,0
"Frontend-разработчик (React.js, TypeScript) Middle",https://hh.ru/vacancy/119138438,INVEST 7,не указана,От 1 года до 3 лет,Да,1,0,0,0,0,1,1,1,0,0,0,0,0
Frontend developer (React),https://hh.ru/vacancy/119127939,Tennisi,не указана,Более 6 лет,Нет,1,0,0,0,0,1,1,1,0,0,0,1,0
Middle разработчик React (RuBackup),https://hh.ru/vacancy/119172098,Группа компаний Астра,не указана,От 1 года до 3 лет,Да,0,1,1,0,0,1,1,1,0,0,1,1,0
Frontend-разработчик (React/TypeScript),https://hh.ru/vacancy/118971725,Октопустех,не указана,От 3 до 6 лет,Да,1,0,0,0,0,0,1,1,0,0,0,0,0
Middle Frontend developer,https://hh.ru/vacancy/119041226,Передовые Системы Обучения и Контроля,от 180000 до 250000 RUR,От 1 года до 3 лет,Да,1,1,0,0,0,1,1,1,0,0,1,0,0
Senior QA (Manual) специалист,https://hh.ru/vacancy/119109711,Верме,не указана,Более 6 лет,Да,0,0,0,0,0,0,0,0,0,0,0,0,0
QA engineer (middle/middle+),https://hh.ru/vacancy/119154924,Т1,не указана,От 3 до 6 лет,Да,0,0,0,0,0,0,0,0,0,0,0,0,0
Frontend JavaScript-разработчик (middle/senior),https://hh.ru/vacancy/118980625,ИЦ АЙ-ТЕКО,не указана,От 3 до 6 лет,Нет,1,0,0,0,0,1,1,1,0,0,1,1,0
QA Engineer,https://hh.ru/vacancy/118782946,Софтмус,от 180000 RUR,От 3 до 6 лет,Да,1,0,0,0,0,0,0,0,0,0,0,0,0
Ведущий фронт разработчик/Front-end developer (React),https://hh.ru/vacancy/119041923,Азиатско-Тихоокеанский Банк,не указана,От 3 до 6 лет,Да,1,0,0,0,0,1,1,1,0,0,1,1,0
"Frontend-разработчик (JS, React, Next) Middle",https://hh.ru/vacancy/119004999,Максис,до 170000 RUR,От 3 до 6 лет,Да,1,0,0,0,0,1,1,1,0,0,1,0,0
Backend-разработчик (Python),https://hh.ru/vacancy/119068461,Новые Телеком Решения (НТР),не указана,От 3 до 6 лет,Нет,0,1,1,0,0,0,0,0,0,0,0,0,0
Тестировщик,https://hh.ru/vacancy/118081181,ИРИ,не указана,От 1 года до 3 лет,Да,1,0,0,0,0,0,0,0,0,0,0,0,0
"QA-специалист/тестировщик, middle",https://hh.ru/vacancy/118807842,4А.Консалтинг,не указана,От 1 года до 3 лет,Нет,0,0,0,0,0,0,0,0,0,0,0,0,0
Middle Frontend Developer,https://hh.ru/vacancy/118559304,"Юнити,ООО",не указана,От 1 года до 3 лет,Да,0,0,0,0,0,0,1,1,0,0,0,0,1
Специалист по IT,https://hh.ru/vacancy/118279002,Торгпром,от 300000 до 2500000 RUR,От 1 года до 3 лет,Нет,0,0,0,0,0,0,0,0,0,0,0,0,0
Frontend-разработчик,https://hh.ru/vacancy/118731109,KTS,до 180000 RUR,От 1 года до 3 лет,Да,0,0,0,0,0,0,1,1,0,0,1,1,0
Frontend-разработчик Junior/Middle,https://hh.ru/vacancy/118876971,Your CodeReview,от 80000 до 120000 RUR,От 1 года до 3 лет,Да,0,0,1,0,0,1,1,1,0,0,0,1,0
Инженер по тестированию (QA),https://hh.ru/vacancy/118614943,Т1,не указана,От 1 года до 3 лет,Нет,0,0,0,0,0,0,0,0,0,0,0,0,0
Middle Frontend Разработчик (FinTech),https://hh.ru/vacancy/118080489,Щучкина Алла Андреевна,от 200000 RUR,От 1 года до 3 лет,Да,0,0,0,0,0,1,1,1,0,0,0,0,1
Senior Manual QA специалист,https://hh.ru/vacancy/118713094,Линсофтверпродакшн,от 100000 до 180000 RUR,От 3 до 6 лет,Да,1,0,1,0,0,0,0,0,0,0,0,0,0
.NET разработчик (middle/senior),https://hh.ru/vacancy/118210094,ITFB Group,не указана,От 3 до 6 лет,Нет,0,0,0,0,0,1,1,0,0,0,1,0,0
Дизайнер-проектировщик интерфейсов (UX/UI),https://hh.ru/vacancy/119076133,ГКУ Инфогород,не указана,От 1 года до 3 лет,Нет,0,0,0,0,0,0,0,0,0,0,0,0,0
PHP-разработчик,https://hh.ru/vacancy/119057590,i2crm,не указана,От 3 до 6 лет,Да,1,0,0,0,0,1,0,0,0,0,1,0,0
Frontend разработчик (Vue3 + TypeScript) Middle,https://hh.ru/vacancy/119004049,Максис,до 200000 RUR,От 3 до 6 лет,Да,1,0,0,0,0,1,1,0,0,0,1,0,0
Бизнес-аналитик,https://hh.ru/vacancy/117818290,ГК Орбита,до 400000 RUR,Более 6 лет,Да,0,0,0,0,0,0,0,0,0,0,0,0,0
Frontend-разработчик (Middle+),https://hh.ru/vacancy/118296728,"АБСОЛЮТ, Группа",не указана,От 3 до 6 лет,Нет,1,0,0,0,0,1,1,1,1,0,0,0,0
Senior Frontend developer (React),https://hh.ru/vacancy/118065227,АДВ,не указана,Более 6 лет,Да,1,0,0,0,0,1,1,1,0,0,0,1,1
PHP-разработчик (middle/middle+),https://hh.ru/vacancy/119105864,Keepcode,не указана,От 3 до 6 лет,Нет,0,0,1,0,0,0,0,0,0,0,0,0,0
Продуктовый дизайнер (Giga ID),https://hh.ru/vacancy/119177903,Cloud.ru,не указана,От 3 до 6 лет,Да,0,0,0,0,0,0,0,0,0,0,0,0,0
Продуктовый дизайнер,https://hh.ru/vacancy/118988788,Cloud.ru,не указана,От 3 до 6 лет,Да,0,0,0,0,0,0,0,0,0,0,0,0,0
Python разработчик Middle+,https://hh.ru/vacancy/118847483,EORA,до 200000 RUR,От 3 до 6 лет,Да,1,1,1,0,0,0,0,0,0,0,0,0,0
Backend-разработчик,https://hh.ru/vacancy/119000532,Правительство Москвы,не указана,От 1 года до 3 лет,Да,1,0,1,0,0,0,0,0,0,0,0,0,0
Ruby Developer Senior,https://hh.ru/vacancy/118964851,Медиа Ком,не указана,От 3 до 6 лет,Да,1,0,0,0,0,0,0,0,0,0,0,0,0
Системный аналитик,https://hh.ru/vacancy/119039484,Spice IT,до 240000 RUR,От 1 года до 3 лет,Да,0,0,0,0,0,1,1,1,0,0,0,0,0
Тестировщик программного обеспечения (QA-инженер),https://hh.ru/vacancy/118244621,Спринт-Ф,до 90000 RUR,От 1 года до 3 лет,Нет,1,0,0,0,0,0,0,0,0,0,0,0,0
Backend-разработчик / Senior backend developer (Node.js),https://hh.ru/vacancy/119028466,Пахотина Ксения Евгеньевна,от 300000 RUR,От 3 до 6 лет,Да,0,0,1,0,0,1,0,0,0,0,0,0,1
Backend-разработчик,https://hh.ru/vacancy/118716982,Экомаркет.Ру,от 130000 до 200000 RUR,От 1 года до 3 лет,Да,1,1,1,0,0,0,0,0,0,0,0,0,0
Junior frontend разработчик,https://hh.ru/vacancy/118665028,amoCRM,до 58000 RUR,Нет опыта,Нет,0,0,1,0,0,1,1,1,0,0,0,1,0
Middle to Senior Recruiter,https://hh.ru/vacancy/118986353,Rusprofile,не указана,От 3 до 6 лет,Да,0,0,0,0,0,0,0,0,1,0,0,0,0
IT Project manager в продуктовую команду,https://hh.ru/vacancy/118566716,TastyTeam,не указана,От 1 года до 3 лет,Нет,0,0,0,0,0,0,0,0,0,0,0,0,0
Старший разработчик Java,https://hh.ru/vacancy/118449210,R-Style Softlab (Эр-Стайл Софтлаб),не указана,От 1 года до 3 лет,Нет,0,1,1,0,0,0,1,1,0,0,0,0,0
Продуктовый дизайнер (Административная панель),https://hh.ru/vacancy/119178476,Cloud.ru,не указана,От 3 до 6 лет,Да,0,0,0,0,0,0,0,0,0,0,0,0,0
Project Manager (гибрид),https://hh.ru/vacancy/119179845,idaproject,не указана,От 1 года до 3 лет,Нет,0,0,0,0,0,0,0,0,0,0,0,0,0
Бизнес/системный аналитик (Биржи/Торговые системы/Банк/Брокер/УК),https://hh.ru/vacancy/119126199,ФИНАМ,не указана,От 1 года до 3 лет,Нет,0,0,0,0,0,0,0,0,0,0,0,0,0
Golang developer,https://hh.ru/vacancy/116372563,Ростелеком - Центры обработки данных,не указана,От 3 до 6 лет,Нет,0,0,1,0,1,0,0,0,0,0,0,0,0
Продуктовый дизайнер (ML Inference/ LLM Platform),https://hh.ru/vacancy/119178620,Cloud.ru,не указана,От 3 до 6 лет,Да,0,0,0,0,0,0,0,0,0,0,0,0,0
Senior Project / Product Manager в Продуктовую IT компанию,https://hh.ru/vacancy/118847678,ДомИнтернет,не указана,От 3 до 6 лет,Да,0,0,0,0,0,1,0,0,1,0,0,0,0
Frontend-разработчик (Middle. Vue | HTML+CSS),https://hh.ru/vacancy/118134229,Риверстарт,от 160000 RUR,От 3 до 6 лет,Да,0,0,0,0,0,1,1,0,1,0,1,0,0
Менеджер по работе с клиентами,https://hh.ru/vacancy/118500027,R-Style Softlab (Эр-Стайл Софтлаб),не указана,От 1 года до 3 лет,Да,0,0,0,0,0,0,0,0,0,0,0,0,0
Ведущий системный аналитик,https://hh.ru/vacancy/117879529,Marfatech,не указана,От 3 до 6 лет,Нет,1,0,1,0,1,0,0,0,0,0,0,0,0
Ведущий разработчик (java/kotlin),https://hh.ru/vacancy/106468065,Газпромбанк,не указана,От 3 до 6 лет,Нет,0,1,0,0,0,0,0,1,0,0,0,0,0
Backend-разработчик,https://hh.ru/vacancy/119050448,WHYME.agency,от 180000 RUR,От 3 до 6 лет,Да,0,0,0,0,0,0,0,0,1,0,0,0,0
Аккаунт-менеджер в SEO агентство (удаленно),https://hh.ru/vacancy/118276018,Дэстэн Партнерс,до 120000 RUR,От 1 года до 3 лет,Да,0,0,0,0,0,0,0,0,0,0,0,0,0
Разработчик C / C++,https://hh.ru/vacancy/118782012,Вебмониторэкс,не указана,От 1 года до 3 лет,Да,0,1,0,0,1,0,0,1,0,0,0,0,0
Системный аналитик (финансовые рынки) в Банк,https://hh.ru/vacancy/118804807,Сателл ИТ,от 350000 RUR,От 1 года до 3 лет,Нет,0,0,0,0,0,0,0,0,0,0,0,0,0
Ведущий инженер по тестированию (ЕФР),https://hh.ru/vacancy/118130293,РСХБ-Интех,не указана,От 1 года до 3 лет,Нет,0,0,0,0,0,0,0,0,0,0,0,0,0
Тестировщик (банковский процессинг),https://hh.ru/vacancy/117363195,Т1,не указана,От 3 до 6 лет,Да,0,0,0,0,0,0,0,0,0,0,0,0,0
Инженер сопровождения,https://hh.ru/vacancy/118706377,Т1,не указана,От 1 года до 3 лет,Да,1,1,0,0,1,0,0,0,0,0,0,0,0
Тестировщик (AQA Junior),https://hh.ru/vacancy/118349641,R-Style Softlab (Эр-Стайл Софтлаб),не указана,От 1 года до 3 лет,Нет,0,1,0,0,0,0,0,0,0,0,0,0,0
C++ Developer/Разработчик (нативная разработка),https://hh.ru/vacancy/119139054,ЛАЙФСТРИМ,не указана,От 3 до 6 лет,Да,1,0,0,0,0,0,0,0,0,0,0,0,0
Системный аналитик в Здравсити,https://hh.ru/vacancy/118142041,Ригла,не указана,От 1 года до 3 лет,Да,0,0,0,0,0,0,0,0,0,0,0,0,0
Middle Frontend-разработчик,https://hh.ru/vacancy/118157317,Морозова Илона Владимировна,до 200000 RUR,От 3 до 6 лет,Да,0,0,1,0,0,1,1,1,1,0,1,1,0
"Продуктовый аналитик, Управление логистикой (FBS/realFBS)",https://hh.ru/vacancy/118860472,Ozon,не указана,От 1 года до 3 лет,Да,0,0,0,0,0,0,0,0,0,0,0,0,0
Системный аналитик,https://hh.ru/vacancy/83830444,Bell Integrator,не указана,От 1 года до 3 лет,Нет,0,0,0,0,0,0,0,0,0,0,0,0,0
Младший аналитик,https://hh.ru/vacancy/119130478,АЛЬФАКОМ,не указана,От 1 года до 3 лет,Нет,0,0,0,0,0,1,0,0,0,0,0,0,0
Разработчик 1С (Согаз-Жизнь),https://hh.ru/vacancy/119088081,СОГАЗ,не указана,От 3 до 6 лет,Да,0,0,0,0,0,1,0,0,0,0,0,0,0
Senior backend developer (node.js),https://hh.ru/vacancy/119176882,Yoonion,не указана,Более 6 лет,Да,0,0,1,1,0,1,1,1,0,0,0,0,1
.NET разработчик,https://hh.ru/vacancy/118238162,РОВИ Факторинг Плюс,не указана,От 1 года до 3 лет,Нет,1,0,1,0,1,1,1,0,1,0,0,0,0
UI\UX дизайнер/Продуктовый дизайнер/Дизайнер мобильных приложений,https://hh.ru/vacancy/117144146,ВФМ Технолоджи,от 240000 RUR,От 3 до 6 лет,Нет,0,0,0,0,0,0,0,0,0,0,0,0,0
Разработчик ВI (аналитической отчетности),https://hh.ru/vacancy/118129132,Т1,не указана,От 3 до 6 лет,Нет,1,0,0,0,0,0,0,0,0,0,0,0,0
Системный аналитик (модуль ЕФ Ценообразования),https://hh.ru/vacancy/118250469,Альфа-Банк,не указана,От 3 до 6 лет,Да,0,0,0,0,0,0,0,0,0,0,0,0,0
Ведущий продуктовый дизайнер IOS и Android [МТС Защитник],https://hh.ru/vacancy/119057199,МТС,не указана,От 3 до 6 лет,Нет,0,0,0,0,0,0,0,0,0,0,0,0,0
Project Manager (IT),https://hh.ru/vacancy/117096863,idaproject,не указана,От 1 года до 3 лет,Да,0,0,0,0,0,0,0,0,0,0,0,0,0
TechLead 1С,https://hh.ru/vacancy/118710989,СОГАЗ,не указана,Более 6 лет,Нет,0,0,0,0,0,0,0,0,0,0,0,0,0
Backend Разработчик C#,https://hh.ru/vacancy/117593405,Интерфакс,не указана,От 3 до 6 лет,Нет,1,0,0,0,0,0,1,0,0,1,0,0,0
Релиз-менеджер,https://hh.ru/vacancy/118046819,РСХБ-Интех,не указана,От 1 года до 3 лет,Нет,0,0,0,0,0,0,0,0,0,0,0,0,0
Data Engineer направления разработки витрин данных,https://hh.ru/vacancy/117768999,Т1,не указана,От 1 года до 3 лет,Да,1,0,0,0,0,0,0,0,0,0,0,0,0
Руководитель группы разработки/Team lead,https://hh.ru/vacancy/118210398,Articul,не указана,От 1 года до 3 лет,Да,0,1,0,0,0,0,0,0,0,0,0,0,0
Project Manager IT,https://hh.ru/vacancy/116911053,ЕГЭLand,не указана,От 1 года до 3 лет,Да,0,0,0,0,0,1,0,0,0,0,0,0,0
"Программист для сайта интернет-магазина (Full-Stack, Laravel, Vue)",https://hh.ru/vacancy/118624803,Бессонов Олег Анатольевич,от 1500 до 1500 RUR,От 3 до 6 лет,Да,0,0,0,0,0,1,0,0,0,0,1,0,0
Backend Node.js разработчик,https://hh.ru/vacancy/110329334,X5 Digital,не указана,От 3 до 6 лет,Нет,0,0,1,0,1,1,0,0,0,0,0,0,1
Team Lead (React Native) в fashion tech,https://hh.ru/vacancy/119083600,CATAPULTO.RU,не указана,Более 6 лет,Да,0,0,0,0,0,0,0,1,0,0,0,0,0
Senior PHP Developer (Laravel),https://hh.ru/vacancy/118755033,Цифровые Сервисы,не указана,От 3 до 6 лет,Да,0,1,1,0,0,1,0,0,1,0,0,0,0
PHP Middle+/ Senior разработчик,https://hh.ru/vacancy/118846106,Премиум Бонус,не указана,От 3 до 6 лет,Да,0,0,1,0,1,0,1,0,0,1,0,0,0
Системный аналитик в Согаз-Жизнь,https://hh.ru/vacancy/118813614,СОГАЗ,не указана,От 3 до 6 лет,Да,0,0,0,0,0,1,0,0,0,0,0,0,0
Бизнес-аналитик (CRM),https://hh.ru/vacancy/118508742,СБЕР,не указана,От 1 года до 3 лет,Нет,0,0,0,0,0,0,0,0,0,0,0,0,0
Алго Дилер,https://hh.ru/vacancy/119155138,"Держава , АКБ",не указана,Нет опыта,Да,0,0,0,0,0,0,0,0,0,0,0,0,0
Бизнес-эксперт (CRM),https://hh.ru/vacancy/118505700,Динамика,от 200000 до 350000 RUR,От 3 до 6 лет,Да,0,0,0,0,0,0,0,0,0,0,0,0,0
PHP-программист,https://hh.ru/vacancy/107017641,РобоФинанс,не указана,От 3 до 6 лет,Да,1,0,1,0,1,0,0,0,1,0,0,0,0
Golang developer (A/B-платформа),https://hh.ru/vacancy/118744087,WILDBERRIES,не указана,От 3 до 6 лет,Нет,0,0,0,0,0,0,0,0,0,0,0,0,0
"Бизнес/Системный аналитик стрима ""Аналитика и отчетность""",https://hh.ru/vacancy/118453422,Банк ВТБ (ПАО),не указана,От 1 года до 3 лет,Нет,0,0,0,0,0,0,0,0,0,0,0,0,0
"Junior fullstack (C# .Net core, React)/Младший веб-разработчик",https://hh.ru/vacancy/118816068,UFS.travel,до 120000 RUR,От 1 года до 3 лет,Да,1,0,0,0,0,1,0,1,0,0,0,1,1
Руководитель Службы внутреннего контроля,https://hh.ru/vacancy/118619021,R-Style Softlab (Эр-Стайл Софтлаб),не указана,От 3 до 6 лет,Нет,0,0,0,0,0,0,0,0,0,0,0,0,0
Главный специалист по сопровождению торгового эквайринга,https://hh.ru/vacancy/118823935,"ЗЕНИТ, банк",от 100000 до 100000 RUR,От 1 года до 3 лет,Нет,0,0,0,0,0,0,0,0,0,0,0,0,0
Teamlead backend-разработки (Java),https://hh.ru/vacancy/119072285,Системная Интеграция,не указана,От 3 до 6 лет,Да,0,0,0,0,0,1,0,0,0,0,1,0,0
Middle\Senior Системный аналитик,https://hh.ru/vacancy/118293415,БФТ-Холдинг,не указана,От 3 до 6 лет,Да,1,0,0,0,0,0,0,0,0,0,0,0,0
Системный администратор,https://hh.ru/vacancy/117075939,R-Style Softlab (Эр-Стайл Софтлаб),не указана,От 3 до 6 лет,Нет,0,1,0,0,0,0,0,0,0,0,0,0,0
Flutter Программист,https://hh.ru/vacancy/117554893,Инмедикум. Онлайн,от 80000 до 180000 RUR,От 3 до 6 лет,Нет,0,1,0,0,0,0,0,0,0,0,0,0,0
Программист Ruby Senior,https://hh.ru/vacancy/117645869,Рейне,от 150000 до 300000 RUR,От 3 до 6 лет,Да,1,0,0,0,0,1,0,0,0,0,0,0,0
C#/.NET-разработчик,https://hh.ru/vacancy/109735116,ИЦ АЙ-ТЕКО,до 250000 RUR,От 3 до 6 лет,Да,1,0,0,0,0,1,0,0,1,1,1,0,0
Инженер по сопровождению фронт-офисных платформ и сервисов,https://hh.ru/vacancy/115509367,Банк ВТБ (ПАО),не указана,От 3 до 6 лет,Нет,0,1,1,0,1,0,0,0,0,0,0,0,0
Руководитель группы системных аналитиков,https://hh.ru/vacancy/118438406,Газпромбанк,не указана,От 3 до 6 лет,Да,0,0,0,0,0,0,0,0,0,0,0,0,0
Backend-разработчик PHP (Laravel),https://hh.ru/vacancy/117621232,"Согласие, страховая компания",не указана,От 1 года до 3 лет,Да,1,0,1,0,0,0,0,0,0,0,0,0,0
Программист 1С,https://hh.ru/vacancy/117716904,Компания БКС,не указана,От 1 года до 3 лет,Нет,0,0,0,0,0,0,0,0,0,0,0,0,0
FullStack разработчик,https://hh.ru/vacancy/118436056,СТАМП,от 150000 до 200000 RUR,От 3 до 6 лет,Нет,0,0,0,0,0,1,0,1,1,1,1,0,1
TeamLead BI/Ведущий аналитик BI,https://hh.ru/vacancy/118333397,Комита Цифровые Технологии,не указана,Более 6 лет,Нет,0,0,0,0,0,0,0,0,0,0,0,0,0
Инженер по автоматизации тестирования (Frontend) / Automation QA,https://hh.ru/vacancy/118296605,МойОфис,не указана,От 3 до 6 лет,Нет,1,0,1,0,0,1,1,0,0,0,1,0,0
Ведущий аналитик 1С УТ и CRM (внутренний проект),https://hh.ru/vacancy/118311502,МОНТ,от 300000 RUR,От 3 до 6 лет,Да,0,0,0,0,0,0,0,0,0,0,0,0,0
Ведущий веб-разработчик,https://hh.ru/vacancy/117676248,Экосистема,от 200000 RUR,Более 6 лет,Нет,1,1,1,0,0,1,0,1,0,1,1,0,0
Senior System analyst / Старший системный аналитик,https://hh.ru/vacancy/118654445,WILDBERRIES,не указана,От 3 до 6 лет,Нет,1,0,0,0,0,0,0,1,0,0,0,0,0
Руководитель отдела разработки (full-stack / Python 70%),https://hh.ru/vacancy/112546494,ЛогЛаб,не указана,Более 6 лет,Нет,1,1,1,0,0,1,0,1,1,1,1,1,0
Тестировщик 1С,https://hh.ru/vacancy/116371310,Carcade Leasing,от 100000 RUR,От 1 года до 3 лет,Да,0,0,0,0,0,0,0,0,0,0,0,0,0
Fullstack-разработчик,https://hh.ru/vacancy/118241450,Gismeteo.ru,не указана,От 1 года до 3 лет,Нет,0,0,0,0,0,1,1,0,1,0,0,0,1
Системный аналитик (инвестиционный бизнес),https://hh.ru/vacancy/116521908,Газпромбанк,не указана,Более 6 лет,Нет,0,0,0,0,0,0,0,0,0,0,0,0,0
Системный аналитик (Регулярный бизнес),https://hh.ru/vacancy/118690643,Т1,не указана,От 3 до 6 лет,Нет,0,0,0,0,0,0,0,0,0,0,0,0,0
Fullstack developer C# .Net Core в команду техподдержки,https://hh.ru/vacancy/118601399,МирТех,не указана,От 1 года до 3 лет,Нет,0,0,0,0,1,0,0,0,0,1,0,0,0
PHP-разработчик в Digital,https://hh.ru/vacancy/118822490,2ГИС,не указана,От 3 до 6 лет,Да,0,0,1,0,1,1,0,1,0,0,0,0,0
Младший full-stack разработчик на PHP,https://hh.ru/vacancy/118142227,Студия Oxem,от 40000 до 80000 RUR,От 1 года до 3 лет,Да,1,0,0,0,0,1,0,1,0,0,0,0,0
Разработчик ФИС,https://hh.ru/vacancy/116601856,ГЕНБАНК,не указана,От 1 года до 3 лет,Нет,0,0,0,0,0,1,0,0,0,0,0,0,0
Разработчик ЦФТ,https://hh.ru/vacancy/112382810,ИнформТех,от 150000 до 250000 RUR,От 1 года до 3 лет,Да,0,0,0,0,0,0,0,0,0,0,0,0,0
System analyst / системный аналитик,https://hh.ru/vacancy/118333928,Aston,не указана,От 1 года до 3 лет,Нет,0,0,0,0,0,0,0,0,0,0,0,0,0
Системный аналитик (mob),https://hh.ru/vacancy/118153351,Автоспот,от 140000 RUR,От 1 года до 3 лет,Да,0,0,0,0,0,0,0,0,0,0,0,0,0
Ведущий разработчик (fullstack),https://hh.ru/vacancy/118212116,Айсорс,до 350000 RUR,От 3 до 6 лет,Нет,0,0,0,0,0,1,1,0,0,1,1,0,1
Ведущий системный аналитик (Бэк-офисные системы),https://hh.ru/vacancy/118524940,РСХБ-Интех,не указана,От 3 до 6 лет,Нет,0,0,0,0,0,0,0,0,0,0,0,0,0
Ведущий специалист по внедрению Rs-Bank,https://hh.ru/vacancy/117142057,R-Style Softlab (Эр-Стайл Софтлаб),не указана,От 1 года до 3 лет,Нет,0,0,0,0,0,0,0,0,0,0,0,0,0
Fullstack developer (Python),https://hh.ru/vacancy/118781566,Heroes,от 300000 до 350000 RUR,Более 6 лет,Да,0,0,0,0,0,1,1,1,0,0,0,0,0
Frontend разработчик (Vue.JS / Symfony) Middle,https://hh.ru/vacancy/117667393,Максис,до 170000 RUR,От 3 до 6 лет,Да,1,0,0,0,0,1,1,0,1,0,1,0,0
Бизнес-тренер (менеджер по обучению и внутренним коммуникациям),https://hh.ru/vacancy/118116892,CORE.XP,не указана,От 3 до 6 лет,Нет,0,0,0,0,0,0,0,0,0,0,0,0,0
Backend web-разработчик,https://hh.ru/vacancy/118502457,"Деловая Русь, группа компаний",до 300000 RUR,От 3 до 6 лет,Да,1,1,1,0,0,0,1,0,0,0,0,0,1
Системный аналитик,https://hh.ru/vacancy/119037457,СК Сбербанк страхование жизни,не указана,От 3 до 6 лет,Нет,0,0,0,0,0,0,0,0,0,0,0,0,0
Бизнес-аналитик (FEMA & Trade Finance),https://hh.ru/vacancy/118524095,СБЕР,не указана,От 1 года до 3 лет,Нет,0,0,0,0,0,0,0,0,0,0,0,0,0
Интернет-маркетолог,https://hh.ru/vacancy/118571424,Медбэнк,от 150000 RUR,От 1 года до 3 лет,Нет,0,0,0,0,0,0,0,0,0,0,0,0,0
Бизнес-аналитик (Transactions),https://hh.ru/vacancy/118545405,СБЕР,не указана,От 3 до 6 лет,Нет,0,0,0,0,0,0,0,0,0,0,0,0,0
"Веб-программист Fullstack (Nuxt3, Vue3, Node.Js, NestJs, TypeScript, PostgreSQL)",https://hh.ru/vacancy/118652989,Плейспартс,не указана,Нет опыта,Да,1,0,0,0,0,1,1,0,1,0,0,0,1
Разработчик Flutter (Middle),https://hh.ru/vacancy/116495338,Tennisi,не указана,От 1 года до 3 лет,Нет,1,0,0,0,0,0,0,0,0,0,0,0,0
Системный аналитик ДТРРБ,https://hh.ru/vacancy/117625503,Т1,не указана,От 3 до 6 лет,Нет,0,0,0,0,0,0,0,0,0,0,0,0,0
".NET Developer, Payments",https://hh.ru/vacancy/118499643,Aviasales.ru,не указана,От 3 до 6 лет,Да,0,0,0,0,0,0,0,0,0,0,0,0,0
Системный аналитик (Розничный клиент),https://hh.ru/vacancy/117087840,Т1,не указана,От 3 до 6 лет,Да,0,0,0,0,0,0,0,0,0,0,0,0,0
Специалист по поддержке и развитию ПО,https://hh.ru/vacancy/119123264,РЕАЛИСТ БАНК,не указана,От 1 года до 3 лет,Нет,0,0,0,0,0,0,0,0,0,0,0,0,0
Программист 1С,https://hh.ru/vacancy/118438924,Фонд содействия кредитованию малого бизнеса Москвы,от 200000 RUR,Более 6 лет,Да,0,0,0,0,0,0,0,0,0,0,0,0,0
Бизнес-эксперт (фронт- решения для Банков),https://hh.ru/vacancy/118505723,Динамика,не указана,От 3 до 6 лет,Да,0,0,0,0,0,0,0,0,0,0,0,0,0
Системный аналитик (Middle+),https://hh.ru/vacancy/118238133,Т1,не указана,От 3 до 6 лет,Да,0,0,0,0,0,0,0,0,0,0,0,0,0
Системный аналитик СОФР (система операций на финансовом рынке),https://hh.ru/vacancy/118293145,РСХБ-Интех,до 225000 RUR,От 1 года до 3 лет,Нет,0,0,0,0,0,0,0,0,0,0,0,0,0
Специалист отдела поддержки фронт-офисных информационных систем,https://hh.ru/vacancy/119037859,Группа страховых компаний Югория,не указана,От 1 года до 3 лет,Да,0,0,0,0,0,0,0,0,0,0,0,0,0
Менеджер по продажам (Аккаунт-Менеджер),https://hh.ru/vacancy/117208294,iSpring,до 150000 RUR,От 1 года до 3 лет,Нет,0,0,0,0,0,0,0,0,0,0,0,0,0
Разработчик Node.js,https://hh.ru/vacancy/118592093,Житняков Денис,до 270000 RUR,Более 6 лет,Да,0,0,0,0,0,1,1,1,0,0,0,0,1
"Системный аналитик (middle+, senior)",https://hh.ru/vacancy/118567150,WMT,не указана,От 3 до 6 лет,Да,0,0,0,0,0,0,0,0,0,0,0,0,0
"Senior back-end NodeJS developer (Web3, cryptography)",https://hh.ru/vacancy/118572551,Мамаева Ирина Анатольевна,до 6000 USD,От 3 до 6 лет,Да,0,0,1,0,1,0,1,0,0,0,0,0,1
Аналитик в компанию разработки ПО,https://hh.ru/vacancy/116572432,МЦ-Сервис Инжиниринг,от 160000 до 195000 RUR,От 3 до 6 лет,Да,0,0,0,0,0,0,0,0,0,0,0,0,0
Python разработчик AI-агентов,https://hh.ru/vacancy/117571552,СБЕР,не указана,От 3 до 6 лет,Нет,0,0,1,0,1,1,0,1,0,0,0,0,0
Системный аналитик в банк,https://hh.ru/vacancy/118557093,WMT,не указана,От 3 до 6 лет,Да,0,0,0,0,0,0,0,0,0,0,0,0,0
Разработчик C# (MatchCenter),https://hh.ru/vacancy/118186417,Tennisi,не указана,От 3 до 6 лет,Нет,1,0,0,0,0,0,0,0,0,0,0,0,0
Аналитик-разработчик BI,https://hh.ru/vacancy/118659914,ДОМ.РФ,не указана,От 3 до 6 лет,Нет,0,0,0,0,0,0,0,0,0,0,0,0,0
Senior Ruby on Rails разработчик (SaaS),https://hh.ru/vacancy/109484804,Appbooster,от 300000 RUR,Более 6 лет,Да,0,0,0,0,1,0,0,0,0,0,0,0,0
"Cистемный аналитик в Мобильный МойСклад (iOS, Android)",https://hh.ru/vacancy/119059965,МойСклад,не указана,От 3 до 6 лет,Да,0,0,0,0,0,0,0,0,0,0,0,0,0
"Начальник Отдела сопровождения РКО, ГОЗ и интеграции АБС",https://hh.ru/vacancy/119056922,Банк НОВИКОМ,не указана,От 3 до 6 лет,Нет,0,0,0,0,0,0,0,0,0,0,0,0,0
Senior .NET C# back-end разработчик,https://hh.ru/vacancy/117752843,ОНТАРГЕТ,от 350000 RUR,От 3 до 6 лет,Да,0,0,1,0,0,0,1,0,1,0,0,0,0
"Менеджер по продажам (IT Sales, тёплые продажи)",https://hh.ru/vacancy/117684962,iSpring,от 120000 RUR,От 1 года до 3 лет,Да,0,0,0,0,0,0,0,0,0,0,0,0,0
Архитектор (инсоляция),https://hh.ru/vacancy/118649352,ПИК-специализированный застройщик,не указана,От 1 года до 3 лет,Нет,0,0,0,0,0,0,0,0,0,0,0,0,0
Fullstack-разработчик,https://hh.ru/vacancy/116086822,Генотек,до 250000 RUR,От 3 до 6 лет,Да,0,0,0,0,1,0,0,1,0,1,0,0,1
Ведущий специалист Rs-Retail,https://hh.ru/vacancy/118994907,R-Style Softlab (Эр-Стайл Софтлаб),не указана,От 3 до 6 лет,Да,0,0,0,0,0,0,0,0,0,0,0,0,0
"Программист (C++, SQL, Oracle)",https://hh.ru/vacancy/118614203,R-Style Softlab (Эр-Стайл Софтлаб),не указана,От 3 до 6 лет,Да,0,0,0,0,0,0,0,0,0,0,0,0,0
Системный аналитик (команда Sber911),https://hh.ru/vacancy/117494449,СБЕР,не указана,От 1 года до 3 лет,Нет,0,0,0,0,0,1,0,0,0,0,0,0,0
Специалист по инсоляции,https://hh.ru/vacancy/119011236,ПИК-специализированный застройщик,не указана,От 1 года до 3 лет,Нет,0,0,0,0,0,0,0,0,0,0,0,0,0
Специалист отдела поддержки фронт-офисных информационных систем,https://hh.ru/vacancy/119037858,Группа страховых компаний Югория,не указана,От 1 года до 3 лет,Да,0,0,0,0,0,0,0,0,0,0,0,0,0
BI аналитик - разработчик,https://hh.ru/vacancy/118543804,Консалтика,не указана,От 3 до 6 лет,Нет,0,0,0,0,0,0,0,0,0,0,0,0,0
Fullstack-разработчик (битрикс),https://hh.ru/vacancy/118352146,Мегаперфюме,от 150000 RUR,От 3 до 6 лет,Да,1,0,0,0,0,1,0,0,1,0,1,1,0
Инженер по качеству (Огородный проезд),https://hh.ru/vacancy/118848161,Брусника,не указана,От 1 года до 3 лет,Нет,0,0,0,0,0,0,0,0,0,0,0,0,0
Fullstack Developer (JavaScript),https://hh.ru/vacancy/118254263,Комлоджик,не указана,От 1 года до 3 лет,Да,0,0,0,0,1,1,1,0,0,0,0,0,1
Senior System Analist (Старший Системный Аналитик),https://hh.ru/vacancy/118709773,ECOS,не указана,От 3 до 6 лет,Нет,0,0,0,0,1,0,0,0,0,0,0,0,0
Senior Go Developer/Go Tech Lead в Security Gate,https://hh.ru/vacancy/119019540,VK,не указана,Более 6 лет,Нет,1,0,1,0,0,0,0,0,0,0,0,0,0
Senior Full Stack PHP-разработчик,https://hh.ru/vacancy/117027585,Система Геткурс,не указана,От 3 до 6 лет,Да,0,1,0,0,0,1,0,0,0,0,0,0,0
Разработчик ETL (Корпоративные резервы),https://hh.ru/vacancy/118714476,Т1,не указана,Более 6 лет,Да,1,0,0,0,0,0,0,0,0,0,0,0,0
Аналитик,https://hh.ru/vacancy/118314560,АЛЬФАКОМ,не указана,От 3 до 6 лет,Нет,0,0,0,0,0,1,0,0,0,0,0,0,0
Менеджер по продажам (Enterprise),https://hh.ru/vacancy/117206287,iSpring,не указана,От 1 года до 3 лет,Да,0,0,0,0,0,0,0,0,0,0,0,0,0
"Senior C# разработчик (Web, .Net, full stack)",https://hh.ru/vacancy/115786471,"Эверис, Представительство",не указана,От 3 до 6 лет,Да,0,0,0,0,0,1,0,1,0,0,0,0,0
Разработчик 1С (+ backend / API),https://hh.ru/vacancy/118566055,Вбетон,от 250000 до 300000 RUR,От 3 до 6 лет,Да,0,0,0,0,0,1,0,1,0,0,0,0,1
"Программист (C++, SQL)",https://hh.ru/vacancy/118504903,R-Style Softlab (Эр-Стайл Софтлаб),не указана,От 3 до 6 лет,Да,0,0,0,0,0,0,0,0,0,0,0,0,0
Fullstack-разработчик,https://hh.ru/vacancy/118327626,Азиатско-Тихоокеанский Банк,не указана,От 3 до 6 лет,Да,0,0,0,0,1,1,0,0,0,0,0,0,0
Full-stack разработчик middle (C# + Angular),https://hh.ru/vacancy/116784766,Центр Методического Обеспечения Оптимизации Процессов Государственного Управления в Московской области,не указана,От 3 до 6 лет,Да,1,0,0,0,0,1,0,0,0,1,1,0,0
Lead of Design System,https://hh.ru/vacancy/118259610,Домклик,не указана,От 3 до 6 лет,Да,0,0,0,0,0,0,0,0,0,0,0,0,0
SRE/DevOps-инженер,https://hh.ru/vacancy/118068430,Премиум Бонус,не указана,От 3 до 6 лет,Да,0,1,1,0,1,0,1,0,0,0,0,0,1
"Руководитель проекта Отдела сопровождения РКО, ГОЗ и интеграции АБС",https://hh.ru/vacancy/117962639,Банк НОВИКОМ,не указана,От 3 до 6 лет,Нет,0,0,0,0,0,0,0,0,0,0,0,0,0
Java developer (команда WebServices),https://hh.ru/vacancy/118614018,HeadHunter,не указана,От 3 до 6 лет,Нет,0,0,0,0,0,0,0,0,0,0,0,0,0
